date,item_name,category,unit,price,is_anomaly
2023-08-14,Apple,Fruits,kg,266.0,False
2023-08-21,Apple,Fruits,kg,244.0,False
2023-08-28,Apple,Fruits,kg,263.0,False
2023-09-04,Apple,Fruits,kg,279.0,False
2023-09-11,Apple,Fruits,kg,264.0,False
2023-09-18,Apple,Fruits,kg,259.0,False
2023-09-25,Apple,Fruits,kg,253.0,False
2023-10-02,Apple,Fruits,kg,282.0,False
2023-10-09,Apple,Fruits,kg,294.0,False
2023-10-16,Apple,Fruits,kg,282.0,False
2023-10-23,Apple,Fruits,kg,293.0,False
2023-10-30,Apple,Fruits,kg,284.0,False
2023-11-06,Apple,Fruits,kg,290.0,False
2023-11-13,Apple,Fruits,kg,293.0,False
2023-11-20,Apple,Fruits,kg,273.0,False
2023-11-27,Apple,Fruits,kg,272.0,False
2023-12-04,Apple,Fruits,kg,298.0,False
2023-12-11,Apple,Fruits,kg,289.0,False
2023-12-18,Apple,Fruits,kg,306.0,False
2023-12-25,Apple,Fruits,kg,306.0,False
2024-01-01,Apple,Fruits,kg,302.0,False
2024-01-08,Apple,Fruits,kg,287.0,False
2024-01-15,Apple,Fruits,kg,248.0,False
2024-01-22,Apple,Fruits,kg,289.0,False
2024-01-29,Apple,Fruits,kg,274.0,False
2024-02-05,Apple,Fruits,kg,302.0,False
2024-02-12,Apple,Fruits,kg,283.0,False
2024-02-19,Apple,Fruits,kg,280.0,False
2024-02-26,Apple,Fruits,kg,237.0,False
2024-03-04,Apple,Fruits,kg,280.0,False
2024-03-11,Apple,Fruits,kg,277.0,False
2024-03-18,Apple,Fruits,kg,221.0,False
2024-03-25,Apple,Fruits,kg,257.0,False
2024-04-01,Apple,Fruits,kg,244.0,False
2024-04-08,Apple,Fruits,kg,255.0,False
2024-04-15,Apple,Fruits,kg,240.0,False
2024-04-22,Apple,Fruits,kg,217.0,False
2024-04-29,Apple,Fruits,kg,252.0,False
2024-05-06,Apple,Fruits,kg,240.0,False
2024-05-13,Apple,Fruits,kg,244.0,False
2024-05-20,Apple,Fruits,kg,252.0,False
2024-05-27,Apple,Fruits,kg,243.0,False
2024-06-03,Apple,Fruits,kg,237.0,False
2024-06-10,Apple,Fruits,kg,222.0,False
2024-06-17,Apple,Fruits,kg,273.0,False
2024-06-24,Apple,Fruits,kg,265.0,False
2024-07-01,Apple,Fruits,kg,270.0,False
2024-07-08,Apple,Fruits,kg,260.0,False
2024-07-15,Apple,Fruits,kg,283.0,False
2024-07-22,Apple,Fruits,kg,268.0,False
2024-07-29,Apple,Fruits,kg,285.0,False
2024-08-05,Apple,Fruits,kg,299.0,False
2024-08-12,Apple,Fruits,kg,286.0,False
2024-08-19,Apple,Fruits,kg,281.0,False
2024-08-26,Apple,Fruits,kg,309.0,False
2024-09-02,Apple,Fruits,kg,326.0,False
2024-09-09,Apple,Fruits,kg,321.0,False
2024-09-16,Apple,Fruits,kg,326.0,False
2024-09-23,Apple,Fruits,kg,280.0,False
2024-09-30,Apple,Fruits,kg,307.0,False
2024-10-07,Apple,Fruits,kg,359.0,False
2024-10-14,Apple,Fruits,kg,348.0,False
2024-10-21,Apple,Fruits,kg,316.0,False
2024-10-28,Apple,Fruits,kg,344.0,False
2024-11-04,Apple,Fruits,kg,343.0,False
2024-11-11,Apple,Fruits,kg,368.0,False
2024-11-18,Apple,Fruits,kg,356.0,False
2024-11-25,Apple,Fruits,kg,329.0,False
2024-12-02,Apple,Fruits,kg,357.0,False
2024-12-09,Apple,Fruits,kg,368.0,False
2024-12-16,Apple,Fruits,kg,316.0,False
2024-12-23,Apple,Fruits,kg,354.0,False
2024-12-30,Apple,Fruits,kg,333.0,False
2025-01-06,Apple,Fruits,kg,349.0,False
2025-01-13,Apple,Fruits,kg,327.0,False
2025-01-20,Apple,Fruits,kg,363.0,False
2025-01-27,Apple,Fruits,kg,306.0,False
2025-02-03,Apple,Fruits,kg,330.0,False
2025-02-10,Apple,Fruits,kg,320.0,False
2025-02-17,Apple,Fruits,kg,303.0,False
2025-02-24,Apple,Fruits,kg,320.0,False
2025-03-03,Apple,Fruits,kg,294.0,False
2025-03-10,Apple,Fruits,kg,296.0,False
2025-03-17,Apple,Fruits,kg,287.0,False
2025-03-24,Apple,Fruits,kg,303.0,False
2025-03-31,Apple,Fruits,kg,290.0,False
2025-04-07,Apple,Fruits,kg,267.0,False
2025-04-14,Apple,Fruits,kg,287.0,False
2025-04-21,Apple,Fruits,kg,267.0,False
2025-04-28,Apple,Fruits,kg,270.0,False
2025-05-05,Apple,Fruits,kg,275.0,False
2025-05-12,Apple,Fruits,kg,296.0,False
2025-05-19,Apple,Fruits,kg,286.0,False
2025-05-26,Apple,Fruits,kg,308.0,False
2025-06-02,Apple,Fruits,kg,273.0,False
2025-06-09,Apple,Fruits,kg,286.0,False
2025-06-16,Apple,Fruits,kg,312.0,False
2025-06-23,Apple,Fruits,kg,302.0,False
2025-06-30,Apple,Fruits,kg,307.0,False
2025-07-07,Apple,Fruits,kg,291.0,False
2025-07-14,Apple,Fruits,kg,308.0,False
2025-07-21,Apple,Fruits,kg,299.0,False
2025-07-28,Apple,Fruits,kg,310.0,False
2025-08-04,Apple,Fruits,kg,336.0,False
2025-08-11,Apple,Fruits,kg,317.0,False
2025-08-18,Apple,Fruits,kg,353.0,False
2025-08-25,Apple,Fruits,kg,362.0,False
2025-09-01,Apple,Fruits,kg,362.0,False
2025-09-08,Apple,Fruits,kg,371.0,False
2025-09-15,Apple,Fruits,kg,370.0,False
2025-09-22,Apple,Fruits,kg,397.0,False
2025-09-29,Apple,Fruits,kg,385.0,False
2025-10-06,Apple,Fruits,kg,408.0,False
2025-10-13,Apple,Fruits,kg,394.0,False
2025-10-20,Apple,Fruits,kg,355.0,False
2025-10-27,Apple,Fruits,kg,438.0,False
2025-11-03,Apple,Fruits,kg,402.0,False
2025-11-10,Apple,Fruits,kg,450.0,False
2025-11-17,Apple,Fruits,kg,385.0,False
2025-11-24,Apple,Fruits,kg,437.0,False
2025-12-01,Apple,Fruits,kg,399.0,False
2025-12-08,Apple,Fruits,kg,421.0,False
2025-12-15,Apple,Fruits,kg,453.0,False
2025-12-22,Apple,Fruits,kg,437.0,False
2025-12-29,Apple,Fruits,kg,391.0,False
2026-01-05,Apple,Fruits,kg,413.0,False
2026-01-12,Apple,Fruits,kg,393.0,False
2026-01-19,Apple,Fruits,kg,366.0,False
2026-01-26,Apple,Fruits,kg,423.0,False
2026-02-02,Apple,Fruits,kg,425.0,False
2026-02-09,Apple,Fruits,kg,360.0,False
2026-02-16,Apple,Fruits,kg,365.0,False
2026-02-23,Apple,Fruits,kg,373.0,False
2026-03-02,Apple,Fruits,kg,341.0,False
2026-03-09,Apple,Fruits,kg,378.0,False
2026-03-16,Apple,Fruits,kg,351.0,False
2026-03-23,Apple,Fruits,kg,319.0,False
2026-03-30,Apple,Fruits,kg,345.0,False
2026-04-06,Apple,Fruits,kg,323.0,False
2026-04-13,Apple,Fruits,kg,361.0,False
2026-04-20,Apple,Fruits,kg,329.0,False
2026-04-27,Apple,Fruits,kg,351.0,False
2026-05-04,Apple,Fruits,kg,330.0,False
2026-05-11,Apple,Fruits,kg,332.0,False
2026-05-18,Apple,Fruits,kg,352.0,False
2026-05-25,Apple,Fruits,kg,320.0,False
2026-06-01,Apple,Fruits,kg,340.0,False
2026-06-08,Apple,Fruits,kg,337.0,False
2026-06-15,Apple,Fruits,kg,340.0,False
2026-06-22,Apple,Fruits,kg,365.0,False
2026-06-29,Apple,Fruits,kg,331.0,False
2026-07-06,Apple,Fruits,kg,356.0,False
2026-07-13,Apple,Fruits,kg,393.0,False
2026-07-20,Apple,Fruits,kg,353.0,False
2026-07-27,Apple,Fruits,kg,377.0,False
2026-08-03,Apple,Fruits,kg,420.0,False
2023-08-14,Banana,Fruits,dozen,145.0,False
2023-08-21,Banana,Fruits,dozen,138.0,False
2023-08-28,Banana,Fruits,dozen,141.0,False
2023-09-04,Banana,Fruits,dozen,144.0,False
2023-09-11,Banana,Fruits,dozen,124.0,False
2023-09-18,Banana,Fruits,dozen,129.0,False
2023-09-25,Banana,Fruits,dozen,132.0,False
2023-10-02,Banana,Fruits,dozen,124.0,False
2023-10-09,Banana,Fruits,dozen,129.0,False
2023-10-16,Banana,Fruits,dozen,134.0,False
2023-10-23,Banana,Fruits,dozen,118.0,False
2023-10-30,Banana,Fruits,dozen,135.0,False
2023-11-06,Banana,Fruits,dozen,127.0,False
2023-11-13,Banana,Fruits,dozen,131.0,False
2023-11-20,Banana,Fruits,dozen,136.0,False
2023-11-27,Banana,Fruits,dozen,132.0,False
2023-12-04,Banana,Fruits,dozen,132.0,False
2023-12-11,Banana,Fruits,dozen,135.0,False
2023-12-18,Banana,Fruits,dozen,134.0,False
2023-12-25,Banana,Fruits,dozen,140.0,False
2024-01-01,Banana,Fruits,dozen,136.0,False
2024-01-08,Banana,Fruits,dozen,141.0,False
2024-01-15,Banana,Fruits,dozen,141.0,False
2024-01-22,Banana,Fruits,dozen,145.0,False
2024-01-29,Banana,Fruits,dozen,142.0,False
2024-02-05,Banana,Fruits,dozen,147.0,False
2024-02-12,Banana,Fruits,dozen,150.0,False
2024-02-19,Banana,Fruits,dozen,150.0,False
2024-02-26,Banana,Fruits,dozen,164.0,False
2024-03-04,Banana,Fruits,dozen,144.0,False
2024-03-11,Banana,Fruits,dozen,167.0,False
2024-03-18,Banana,Fruits,dozen,171.0,False
2024-03-25,Banana,Fruits,dozen,170.0,False
2024-04-01,Banana,Fruits,dozen,165.0,False
2024-04-08,Banana,Fruits,dozen,163.0,False
2024-04-15,Banana,Fruits,dozen,174.0,False
2024-04-22,Banana,Fruits,dozen,181.0,False
2024-04-29,Banana,Fruits,dozen,177.0,False
2024-05-06,Banana,Fruits,dozen,174.0,False
2024-05-13,Banana,Fruits,dozen,179.0,False
2024-05-20,Banana,Fruits,dozen,176.0,False
2024-05-27,Banana,Fruits,dozen,177.0,False
2024-06-03,Banana,Fruits,dozen,177.0,False
2024-06-10,Banana,Fruits,dozen,173.0,False
2024-06-17,Banana,Fruits,dozen,173.0,False
2024-06-24,Banana,Fruits,dozen,168.0,False
2024-07-01,Banana,Fruits,dozen,186.0,False
2024-07-08,Banana,Fruits,dozen,185.0,False
2024-07-15,Banana,Fruits,dozen,171.0,False
2024-07-22,Banana,Fruits,dozen,169.0,False
2024-07-29,Banana,Fruits,dozen,174.0,False
2024-08-05,Banana,Fruits,dozen,164.0,False
2024-08-12,Banana,Fruits,dozen,161.0,False
2024-08-19,Banana,Fruits,dozen,172.0,False
2024-08-26,Banana,Fruits,dozen,163.0,False
2024-09-02,Banana,Fruits,dozen,162.0,False
2024-09-09,Banana,Fruits,dozen,170.0,False
2024-09-16,Banana,Fruits,dozen,152.0,False
2024-09-23,Banana,Fruits,dozen,151.0,False
2024-09-30,Banana,Fruits,dozen,156.0,False
2024-10-07,Banana,Fruits,dozen,168.0,False
2024-10-14,Banana,Fruits,dozen,149.0,False
2024-10-21,Banana,Fruits,dozen,149.0,False
2024-10-28,Banana,Fruits,dozen,153.0,False
2024-11-04,Banana,Fruits,dozen,157.0,False
2024-11-11,Banana,Fruits,dozen,152.0,False
2024-11-18,Banana,Fruits,dozen,157.0,False
2024-11-25,Banana,Fruits,dozen,163.0,False
2024-12-02,Banana,Fruits,dozen,149.0,False
2024-12-09,Banana,Fruits,dozen,169.0,False
2024-12-16,Banana,Fruits,dozen,153.0,False
2024-12-23,Banana,Fruits,dozen,167.0,False
2024-12-30,Banana,Fruits,dozen,165.0,False
2025-01-06,Banana,Fruits,dozen,168.0,False
2025-01-13,Banana,Fruits,dozen,170.0,False
2025-01-20,Banana,Fruits,dozen,169.0,False
2025-01-27,Banana,Fruits,dozen,176.0,False
2025-02-03,Banana,Fruits,dozen,178.0,False
2025-02-10,Banana,Fruits,dozen,184.0,False
2025-02-17,Banana,Fruits,dozen,180.0,False
2025-02-24,Banana,Fruits,dozen,176.0,False
2025-03-03,Banana,Fruits,dozen,186.0,False
2025-03-10,Banana,Fruits,dozen,204.0,False
2025-03-17,Banana,Fruits,dozen,190.0,False
2025-03-24,Banana,Fruits,dozen,196.0,False
2025-03-31,Banana,Fruits,dozen,198.0,False
2025-04-07,Banana,Fruits,dozen,201.0,False
2025-04-14,Banana,Fruits,dozen,209.0,False
2025-04-21,Banana,Fruits,dozen,195.0,False
2025-04-28,Banana,Fruits,dozen,197.0,False
2025-05-05,Banana,Fruits,dozen,209.0,False
2025-05-12,Banana,Fruits,dozen,198.0,False
2025-05-19,Banana,Fruits,dozen,196.0,False
2025-05-26,Banana,Fruits,dozen,205.0,False
2025-06-02,Banana,Fruits,dozen,206.0,False
2025-06-09,Banana,Fruits,dozen,208.0,False
2025-06-16,Banana,Fruits,dozen,209.0,False
2025-06-23,Banana,Fruits,dozen,207.0,False
2025-06-30,Banana,Fruits,dozen,208.0,False
2025-07-07,Banana,Fruits,dozen,207.0,False
2025-07-14,Banana,Fruits,dozen,202.0,False
2025-07-21,Banana,Fruits,dozen,194.0,False
2025-07-28,Banana,Fruits,dozen,199.0,False
2025-08-04,Banana,Fruits,dozen,197.0,False
2025-08-11,Banana,Fruits,dozen,191.0,False
2025-08-18,Banana,Fruits,dozen,190.0,False
2025-08-25,Banana,Fruits,dozen,198.0,False
2025-09-01,Banana,Fruits,dozen,198.0,False
2025-09-08,Banana,Fruits,dozen,191.0,False
2025-09-15,Banana,Fruits,dozen,185.0,False
2025-09-22,Banana,Fruits,dozen,185.0,False
2025-09-29,Banana,Fruits,dozen,186.0,False
2025-10-06,Banana,Fruits,dozen,185.0,False
2025-10-13,Banana,Fruits,dozen,185.0,False
2025-10-20,Banana,Fruits,dozen,164.0,False
2025-10-27,Banana,Fruits,dozen,165.0,False
2025-11-03,Banana,Fruits,dozen,178.0,False
2025-11-10,Banana,Fruits,dozen,188.0,False
2025-11-17,Banana,Fruits,dozen,184.0,False
2025-11-24,Banana,Fruits,dozen,203.0,False
2025-12-01,Banana,Fruits,dozen,193.0,False
2025-12-08,Banana,Fruits,dozen,188.0,False
2025-12-15,Banana,Fruits,dozen,188.0,False
2025-12-22,Banana,Fruits,dozen,205.0,False
2025-12-29,Banana,Fruits,dozen,190.0,False
2026-01-05,Banana,Fruits,dozen,188.0,False
2026-01-12,Banana,Fruits,dozen,197.0,False
2026-01-19,Banana,Fruits,dozen,207.0,False
2026-01-26,Banana,Fruits,dozen,193.0,False
2026-02-02,Banana,Fruits,dozen,218.0,False
2026-02-09,Banana,Fruits,dozen,215.0,False
2026-02-16,Banana,Fruits,dozen,227.0,False
2026-02-23,Banana,Fruits,dozen,217.0,False
2026-03-02,Banana,Fruits,dozen,234.0,False
2026-03-09,Banana,Fruits,dozen,217.0,False
2026-03-16,Banana,Fruits,dozen,227.0,False
2026-03-23,Banana,Fruits,dozen,218.0,False
2026-03-30,Banana,Fruits,dozen,247.0,False
2026-04-06,Banana,Fruits,dozen,238.0,False
2026-04-13,Banana,Fruits,dozen,230.0,False
2026-04-20,Banana,Fruits,dozen,261.0,False
2026-04-27,Banana,Fruits,dozen,247.0,False
2026-05-04,Banana,Fruits,dozen,245.0,False
2026-05-11,Banana,Fruits,dozen,230.0,False
2026-05-18,Banana,Fruits,dozen,244.0,False
2026-05-25,Banana,Fruits,dozen,232.0,False
2026-06-01,Banana,Fruits,dozen,264.0,False
2026-06-08,Banana,Fruits,dozen,237.0,False
2026-06-15,Banana,Fruits,dozen,243.0,False
2026-06-22,Banana,Fruits,dozen,251.0,False
2026-06-29,Banana,Fruits,dozen,233.0,False
2026-07-06,Banana,Fruits,dozen,236.0,False
2026-07-13,Banana,Fruits,dozen,230.0,False
2026-07-20,Banana,Fruits,dozen,236.0,False
2026-07-27,Banana,Fruits,dozen,236.0,False
2026-08-03,Banana,Fruits,dozen,220.0,False
2023-08-14,Beef Meat,Poultry & Meat,kg,1051.0,False
2023-08-21,Beef Meat,Poultry & Meat,kg,1103.0,False
2023-08-28,Beef Meat,Poultry & Meat,kg,935.0,False
2023-09-04,Beef Meat,Poultry & Meat,kg,1049.0,False
2023-09-11,Beef Meat,Poultry & Meat,kg,1078.0,False
2023-09-18,Beef Meat,Poultry & Meat,kg,1035.0,False
2023-09-25,Beef Meat,Poultry & Meat,kg,983.0,False
2023-10-02,Beef Meat,Poultry & Meat,kg,1054.0,False
2023-10-09,Beef Meat,Poultry & Meat,kg,987.0,False
2023-10-16,Beef Meat,Poultry & Meat,kg,1054.0,False
2023-10-23,Beef Meat,Poultry & Meat,kg,998.0,False
2023-10-30,Beef Meat,Poultry & Meat,kg,980.0,False
2023-11-06,Beef Meat,Poultry & Meat,kg,1047.0,False
2023-11-13,Beef Meat,Poultry & Meat,kg,1020.0,False
2023-11-20,Beef Meat,Poultry & Meat,kg,899.0,False
2023-11-27,Beef Meat,Poultry & Meat,kg,930.0,False
2023-12-04,Beef Meat,Poultry & Meat,kg,952.0,False
2023-12-11,Beef Meat,Poultry & Meat,kg,967.0,False
2023-12-18,Beef Meat,Poultry & Meat,kg,962.0,False
2023-12-25,Beef Meat,Poultry & Meat,kg,948.0,False
2024-01-01,Beef Meat,Poultry & Meat,kg,1042.0,False
2024-01-08,Beef Meat,Poultry & Meat,kg,990.0,False
2024-01-15,Beef Meat,Poultry & Meat,kg,913.0,False
2024-01-22,Beef Meat,Poultry & Meat,kg,1030.0,False
2024-01-29,Beef Meat,Poultry & Meat,kg,951.0,False
2024-02-05,Beef Meat,Poultry & Meat,kg,939.0,False
2024-02-12,Beef Meat,Poultry & Meat,kg,1045.0,False
2024-02-19,Beef Meat,Poultry & Meat,kg,1051.0,False
2024-02-26,Beef Meat,Poultry & Meat,kg,1141.0,False
2024-03-04,Beef Meat,Poultry & Meat,kg,1098.0,False
2024-03-11,Beef Meat,Poultry & Meat,kg,1049.0,False
2024-03-18,Beef Meat,Poultry & Meat,kg,1113.0,False
2024-03-25,Beef Meat,Poultry & Meat,kg,1121.0,False
2024-04-01,Beef Meat,Poultry & Meat,kg,1172.0,False
2024-04-08,Beef Meat,Poultry & Meat,kg,1121.0,False
2024-04-15,Beef Meat,Poultry & Meat,kg,1123.0,False
2024-04-22,Beef Meat,Poultry & Meat,kg,1186.0,False
2024-04-29,Beef Meat,Poultry & Meat,kg,1210.0,False
2024-05-06,Beef Meat,Poultry & Meat,kg,1216.0,False
2024-05-13,Beef Meat,Poultry & Meat,kg,1180.0,False
2024-05-20,Beef Meat,Poultry & Meat,kg,1094.0,False
2024-05-27,Beef Meat,Poultry & Meat,kg,1225.0,False
2024-06-03,Beef Meat,Poultry & Meat,kg,1257.0,False
2024-06-10,Beef Meat,Poultry & Meat,kg,1234.0,False
2024-06-17,Beef Meat,Poultry & Meat,kg,1332.0,False
2024-06-24,Beef Meat,Poultry & Meat,kg,1203.0,False
2024-07-01,Beef Meat,Poultry & Meat,kg,1285.0,False
2024-07-08,Beef Meat,Poultry & Meat,kg,1268.0,False
2024-07-15,Beef Meat,Poultry & Meat,kg,1117.0,False
2024-07-22,Beef Meat,Poultry & Meat,kg,1253.0,False
2024-07-29,Beef Meat,Poultry & Meat,kg,1196.0,False
2024-08-05,Beef Meat,Poultry & Meat,kg,1247.0,False
2024-08-12,Beef Meat,Poultry & Meat,kg,1212.0,False
2024-08-19,Beef Meat,Poultry & Meat,kg,1225.0,False
2024-08-26,Beef Meat,Poultry & Meat,kg,1240.0,False
2024-09-02,Beef Meat,Poultry & Meat,kg,1220.0,False
2024-09-09,Beef Meat,Poultry & Meat,kg,1173.0,False
2024-09-16,Beef Meat,Poultry & Meat,kg,1272.0,False
2024-09-23,Beef Meat,Poultry & Meat,kg,1256.0,False
2024-09-30,Beef Meat,Poultry & Meat,kg,1188.0,False
2024-10-07,Beef Meat,Poultry & Meat,kg,1165.0,False
2024-10-14,Beef Meat,Poultry & Meat,kg,1208.0,False
2024-10-21,Beef Meat,Poultry & Meat,kg,1158.0,False
2024-10-28,Beef Meat,Poultry & Meat,kg,1171.0,False
2024-11-04,Beef Meat,Poultry & Meat,kg,1118.0,False
2024-11-11,Beef Meat,Poultry & Meat,kg,1153.0,False
2024-11-18,Beef Meat,Poultry & Meat,kg,1138.0,False
2024-11-25,Beef Meat,Poultry & Meat,kg,1140.0,False
2024-12-02,Beef Meat,Poultry & Meat,kg,1149.0,False
2024-12-09,Beef Meat,Poultry & Meat,kg,1136.0,False
2024-12-16,Beef Meat,Poultry & Meat,kg,1192.0,False
2024-12-23,Beef Meat,Poultry & Meat,kg,1200.0,False
2024-12-30,Beef Meat,Poultry & Meat,kg,1164.0,False
2025-01-06,Beef Meat,Poultry & Meat,kg,1221.0,False
2025-01-13,Beef Meat,Poultry & Meat,kg,1189.0,False
2025-01-20,Beef Meat,Poultry & Meat,kg,1192.0,False
2025-01-27,Beef Meat,Poultry & Meat,kg,1256.0,False
2025-02-03,Beef Meat,Poultry & Meat,kg,1322.0,False
2025-02-10,Beef Meat,Poultry & Meat,kg,1209.0,False
2025-02-17,Beef Meat,Poultry & Meat,kg,1242.0,False
2025-02-24,Beef Meat,Poultry & Meat,kg,1289.0,False
2025-03-03,Beef Meat,Poultry & Meat,kg,1221.0,False
2025-03-10,Beef Meat,Poultry & Meat,kg,1373.0,False
2025-03-17,Beef Meat,Poultry & Meat,kg,1265.0,False
2025-03-24,Beef Meat,Poultry & Meat,kg,1280.0,False
2025-03-31,Beef Meat,Poultry & Meat,kg,1363.0,False
2025-04-07,Beef Meat,Poultry & Meat,kg,1402.0,False
2025-04-14,Beef Meat,Poultry & Meat,kg,1360.0,False
2025-04-21,Beef Meat,Poultry & Meat,kg,1353.0,False
2025-04-28,Beef Meat,Poultry & Meat,kg,1432.0,False
2025-05-05,Beef Meat,Poultry & Meat,kg,1387.0,False
2025-05-12,Beef Meat,Poultry & Meat,kg,1556.0,False
2025-05-19,Beef Meat,Poultry & Meat,kg,1356.0,False
2025-05-26,Beef Meat,Poultry & Meat,kg,1492.0,False
2025-06-02,Beef Meat,Poultry & Meat,kg,1468.0,False
2025-06-09,Beef Meat,Poultry & Meat,kg,1404.0,False
2025-06-16,Beef Meat,Poultry & Meat,kg,1523.0,False
2025-06-23,Beef Meat,Poultry & Meat,kg,1567.0,False
2025-06-30,Beef Meat,Poultry & Meat,kg,1426.0,False
2025-07-07,Beef Meat,Poultry & Meat,kg,1444.0,False
2025-07-14,Beef Meat,Poultry & Meat,kg,1498.0,False
2025-07-21,Beef Meat,Poultry & Meat,kg,1518.0,False
2025-07-28,Beef Meat,Poultry & Meat,kg,1483.0,False
2025-08-04,Beef Meat,Poultry & Meat,kg,1396.0,False
2025-08-11,Beef Meat,Poultry & Meat,kg,1342.0,False
2025-08-18,Beef Meat,Poultry & Meat,kg,1493.0,False
2025-08-25,Beef Meat,Poultry & Meat,kg,1501.0,False
2025-09-01,Beef Meat,Poultry & Meat,kg,1435.0,False
2025-09-08,Beef Meat,Poultry & Meat,kg,1525.0,False
2025-09-15,Beef Meat,Poultry & Meat,kg,1363.0,False
2025-09-22,Beef Meat,Poultry & Meat,kg,1362.0,False
2025-09-29,Beef Meat,Poultry & Meat,kg,1470.0,False
2025-10-06,Beef Meat,Poultry & Meat,kg,1406.0,False
2025-10-13,Beef Meat,Poultry & Meat,kg,1387.0,False
2025-10-20,Beef Meat,Poultry & Meat,kg,1396.0,False
2025-10-27,Beef Meat,Poultry & Meat,kg,1341.0,False
2025-11-03,Beef Meat,Poultry & Meat,kg,1290.0,False
2025-11-10,Beef Meat,Poultry & Meat,kg,1383.0,False
2025-11-17,Beef Meat,Poultry & Meat,kg,1388.0,False
2025-11-24,Beef Meat,Poultry & Meat,kg,1368.0,False
2025-12-01,Beef Meat,Poultry & Meat,kg,1366.0,False
2025-12-08,Beef Meat,Poultry & Meat,kg,1346.0,False
2025-12-15,Beef Meat,Poultry & Meat,kg,1266.0,False
2025-12-22,Beef Meat,Poultry & Meat,kg,1386.0,False
2025-12-29,Beef Meat,Poultry & Meat,kg,1468.0,False
2026-01-05,Beef Meat,Poultry & Meat,kg,1320.0,False
2026-01-12,Beef Meat,Poultry & Meat,kg,1354.0,False
2026-01-19,Beef Meat,Poultry & Meat,kg,1429.0,False
2026-01-26,Beef Meat,Poultry & Meat,kg,1367.0,False
2026-02-02,Beef Meat,Poultry & Meat,kg,1399.0,False
2026-02-09,Beef Meat,Poultry & Meat,kg,1459.0,False
2026-02-16,Beef Meat,Poultry & Meat,kg,1481.0,False
2026-02-23,Beef Meat,Poultry & Meat,kg,1479.0,False
2026-03-02,Beef Meat,Poultry & Meat,kg,1491.0,False
2026-03-09,Beef Meat,Poultry & Meat,kg,1457.0,False
2026-03-16,Beef Meat,Poultry & Meat,kg,1528.0,False
2026-03-23,Beef Meat,Poultry & Meat,kg,1574.0,False
2026-03-30,Beef Meat,Poultry & Meat,kg,1738.0,False
2026-04-06,Beef Meat,Poultry & Meat,kg,1627.0,False
2026-04-13,Beef Meat,Poultry & Meat,kg,1688.0,False
2026-04-20,Beef Meat,Poultry & Meat,kg,1600.0,False
2026-04-27,Beef Meat,Poultry & Meat,kg,1601.0,False
2026-05-04,Beef Meat,Poultry & Meat,kg,1741.0,False
2026-05-11,Beef Meat,Poultry & Meat,kg,1694.0,False
2026-05-18,Beef Meat,Poultry & Meat,kg,1763.0,False
2026-05-25,Beef Meat,Poultry & Meat,kg,1723.0,False
2026-06-01,Beef Meat,Poultry & Meat,kg,1693.0,False
2026-06-08,Beef Meat,Poultry & Meat,kg,1753.0,False
2026-06-15,Beef Meat,Poultry & Meat,kg,1728.0,False
2026-06-22,Beef Meat,Poultry & Meat,kg,1615.0,False
2026-06-29,Beef Meat,Poultry & Meat,kg,1697.0,False
2026-07-06,Beef Meat,Poultry & Meat,kg,1685.0,False
2026-07-13,Beef Meat,Poultry & Meat,kg,1719.0,False
2026-07-20,Beef Meat,Poultry & Meat,kg,1691.0,False
2026-07-27,Beef Meat,Poultry & Meat,kg,1729.0,False
2026-08-03,Beef Meat,Poultry & Meat,kg,1828.0,False
2023-08-14,Cabbage,Vegetables,kg,53.0,False
2023-08-21,Cabbage,Vegetables,kg,54.0,False
2023-08-28,Cabbage,Vegetables,kg,55.0,False
2023-09-04,Cabbage,Vegetables,kg,52.0,False
2023-09-11,Cabbage,Vegetables,kg,52.0,False
2023-09-18,Cabbage,Vegetables,kg,57.0,False
2023-09-25,Cabbage,Vegetables,kg,62.0,False
2023-10-02,Cabbage,Vegetables,kg,64.0,False
2023-10-09,Cabbage,Vegetables,kg,61.0,False
2023-10-16,Cabbage,Vegetables,kg,59.0,False
2023-10-23,Cabbage,Vegetables,kg,57.0,False
2023-10-30,Cabbage,Vegetables,kg,61.0,False
2023-11-06,Cabbage,Vegetables,kg,64.0,False
2023-11-13,Cabbage,Vegetables,kg,64.0,False
2023-11-20,Cabbage,Vegetables,kg,66.0,False
2023-11-27,Cabbage,Vegetables,kg,69.0,False
2023-12-04,Cabbage,Vegetables,kg,72.0,False
2023-12-11,Cabbage,Vegetables,kg,71.0,False
2023-12-18,Cabbage,Vegetables,kg,72.0,False
2023-12-25,Cabbage,Vegetables,kg,75.0,False
2024-01-01,Cabbage,Vegetables,kg,69.0,False
2024-01-08,Cabbage,Vegetables,kg,74.0,False
2024-01-15,Cabbage,Vegetables,kg,76.0,False
2024-01-22,Cabbage,Vegetables,kg,72.0,False
2024-01-29,Cabbage,Vegetables,kg,68.0,False
2024-02-05,Cabbage,Vegetables,kg,82.0,False
2024-02-12,Cabbage,Vegetables,kg,72.0,False
2024-02-19,Cabbage,Vegetables,kg,76.0,False
2024-02-26,Cabbage,Vegetables,kg,78.0,False
2024-03-04,Cabbage,Vegetables,kg,68.0,False
2024-03-11,Cabbage,Vegetables,kg,68.0,False
2024-03-18,Cabbage,Vegetables,kg,78.0,False
2024-03-25,Cabbage,Vegetables,kg,75.0,False
2024-04-01,Cabbage,Vegetables,kg,66.0,False
2024-04-08,Cabbage,Vegetables,kg,65.0,False
2024-04-15,Cabbage,Vegetables,kg,62.0,False
2024-04-22,Cabbage,Vegetables,kg,63.0,False
2024-04-29,Cabbage,Vegetables,kg,65.0,False
2024-05-06,Cabbage,Vegetables,kg,68.0,False
2024-05-13,Cabbage,Vegetables,kg,61.0,False
2024-05-20,Cabbage,Vegetables,kg,65.0,False
2024-05-27,Cabbage,Vegetables,kg,57.0,False
2024-06-03,Cabbage,Vegetables,kg,60.0,False
2024-06-10,Cabbage,Vegetables,kg,65.0,False
2024-06-17,Cabbage,Vegetables,kg,62.0,False
2024-06-24,Cabbage,Vegetables,kg,61.0,False
2024-07-01,Cabbage,Vegetables,kg,61.0,False
2024-07-08,Cabbage,Vegetables,kg,60.0,False
2024-07-15,Cabbage,Vegetables,kg,64.0,False
2024-07-22,Cabbage,Vegetables,kg,54.0,False
2024-07-29,Cabbage,Vegetables,kg,55.0,False
2024-08-05,Cabbage,Vegetables,kg,56.0,False
2024-08-12,Cabbage,Vegetables,kg,62.0,False
2024-08-19,Cabbage,Vegetables,kg,60.0,False
2024-08-26,Cabbage,Vegetables,kg,57.0,False
2024-09-02,Cabbage,Vegetables,kg,67.0,False
2024-09-09,Cabbage,Vegetables,kg,65.0,False
2024-09-16,Cabbage,Vegetables,kg,69.0,False
2024-09-23,Cabbage,Vegetables,kg,70.0,False
2024-09-30,Cabbage,Vegetables,kg,79.0,False
2024-10-07,Cabbage,Vegetables,kg,72.0,False
2024-10-14,Cabbage,Vegetables,kg,62.0,False
2024-10-21,Cabbage,Vegetables,kg,83.0,False
2024-10-28,Cabbage,Vegetables,kg,71.0,False
2024-11-04,Cabbage,Vegetables,kg,79.0,False
2024-11-11,Cabbage,Vegetables,kg,83.0,False
2024-11-18,Cabbage,Vegetables,kg,86.0,False
2024-11-25,Cabbage,Vegetables,kg,73.0,False
2024-12-02,Cabbage,Vegetables,kg,83.0,False
2024-12-09,Cabbage,Vegetables,kg,86.0,False
2024-12-16,Cabbage,Vegetables,kg,88.0,False
2024-12-23,Cabbage,Vegetables,kg,84.0,False
2024-12-30,Cabbage,Vegetables,kg,84.0,False
2025-01-06,Cabbage,Vegetables,kg,93.0,False
2025-01-13,Cabbage,Vegetables,kg,97.0,False
2025-01-20,Cabbage,Vegetables,kg,83.0,False
2025-01-27,Cabbage,Vegetables,kg,84.0,False
2025-02-03,Cabbage,Vegetables,kg,93.0,False
2025-02-10,Cabbage,Vegetables,kg,87.0,False
2025-02-17,Cabbage,Vegetables,kg,89.0,False
2025-02-24,Cabbage,Vegetables,kg,93.0,False
2025-03-03,Cabbage,Vegetables,kg,78.0,False
2025-03-10,Cabbage,Vegetables,kg,84.0,False
2025-03-17,Cabbage,Vegetables,kg,76.0,False
2025-03-24,Cabbage,Vegetables,kg,83.0,False
2025-03-31,Cabbage,Vegetables,kg,82.0,False
2025-04-07,Cabbage,Vegetables,kg,77.0,False
2025-04-14,Cabbage,Vegetables,kg,79.0,False
2025-04-21,Cabbage,Vegetables,kg,82.0,False
2025-04-28,Cabbage,Vegetables,kg,78.0,False
2025-05-05,Cabbage,Vegetables,kg,81.0,False
2025-05-12,Cabbage,Vegetables,kg,75.0,False
2025-05-19,Cabbage,Vegetables,kg,81.0,False
2025-05-26,Cabbage,Vegetables,kg,69.0,False
2025-06-02,Cabbage,Vegetables,kg,75.0,False
2025-06-09,Cabbage,Vegetables,kg,76.0,False
2025-06-16,Cabbage,Vegetables,kg,71.0,False
2025-06-23,Cabbage,Vegetables,kg,77.0,False
2025-06-30,Cabbage,Vegetables,kg,70.0,False
2025-07-07,Cabbage,Vegetables,kg,70.0,False
2025-07-14,Cabbage,Vegetables,kg,72.0,False
2025-07-21,Cabbage,Vegetables,kg,72.0,False
2025-07-28,Cabbage,Vegetables,kg,68.0,False
2025-08-04,Cabbage,Vegetables,kg,78.0,False
2025-08-11,Cabbage,Vegetables,kg,61.0,False
2025-08-18,Cabbage,Vegetables,kg,71.0,False
2025-08-25,Cabbage,Vegetables,kg,79.0,False
2025-09-01,Cabbage,Vegetables,kg,87.0,False
2025-09-08,Cabbage,Vegetables,kg,78.0,False
2025-09-15,Cabbage,Vegetables,kg,76.0,False
2025-09-22,Cabbage,Vegetables,kg,77.0,False
2025-09-29,Cabbage,Vegetables,kg,77.0,False
2025-10-06,Cabbage,Vegetables,kg,86.0,False
2025-10-13,Cabbage,Vegetables,kg,84.0,False
2025-10-20,Cabbage,Vegetables,kg,90.0,False
2025-10-27,Cabbage,Vegetables,kg,87.0,False
2025-11-03,Cabbage,Vegetables,kg,103.0,False
2025-11-10,Cabbage,Vegetables,kg,99.0,False
2025-11-17,Cabbage,Vegetables,kg,96.0,False
2025-11-24,Cabbage,Vegetables,kg,100.0,False
2025-12-01,Cabbage,Vegetables,kg,102.0,False
2025-12-08,Cabbage,Vegetables,kg,100.0,False
2025-12-15,Cabbage,Vegetables,kg,106.0,False
2025-12-22,Cabbage,Vegetables,kg,95.0,False
2025-12-29,Cabbage,Vegetables,kg,100.0,False
2026-01-05,Cabbage,Vegetables,kg,98.0,False
2026-01-12,Cabbage,Vegetables,kg,105.0,False
2026-01-19,Cabbage,Vegetables,kg,97.0,False
2026-01-26,Cabbage,Vegetables,kg,120.0,False
2026-02-02,Cabbage,Vegetables,kg,104.0,False
2026-02-09,Cabbage,Vegetables,kg,98.0,False
2026-02-16,Cabbage,Vegetables,kg,95.0,False
2026-02-23,Cabbage,Vegetables,kg,97.0,False
2026-03-02,Cabbage,Vegetables,kg,103.0,False
2026-03-09,Cabbage,Vegetables,kg,97.0,False
2026-03-16,Cabbage,Vegetables,kg,101.0,False
2026-03-23,Cabbage,Vegetables,kg,103.0,False
2026-03-30,Cabbage,Vegetables,kg,107.0,False
2026-04-06,Cabbage,Vegetables,kg,105.0,False
2026-04-13,Cabbage,Vegetables,kg,95.0,False
2026-04-20,Cabbage,Vegetables,kg,93.0,False
2026-04-27,Cabbage,Vegetables,kg,88.0,False
2026-05-04,Cabbage,Vegetables,kg,89.0,False
2026-05-11,Cabbage,Vegetables,kg,94.0,False
2026-05-18,Cabbage,Vegetables,kg,98.0,False
2026-05-25,Cabbage,Vegetables,kg,87.0,False
2026-06-01,Cabbage,Vegetables,kg,86.0,False
2026-06-08,Cabbage,Vegetables,kg,83.0,False
2026-06-15,Cabbage,Vegetables,kg,85.0,False
2026-06-22,Cabbage,Vegetables,kg,81.0,False
2026-06-29,Cabbage,Vegetables,kg,83.0,False
2026-07-06,Cabbage,Vegetables,kg,86.0,False
2026-07-13,Cabbage,Vegetables,kg,82.0,False
2026-07-20,Cabbage,Vegetables,kg,83.0,False
2026-07-27,Cabbage,Vegetables,kg,88.0,False
2026-08-03,Cabbage,Vegetables,kg,80.0,False
2023-08-14,Capsicum,Vegetables,kg,143.0,False
2023-08-21,Capsicum,Vegetables,kg,162.0,False
2023-08-28,Capsicum,Vegetables,kg,161.0,False
2023-09-04,Capsicum,Vegetables,kg,166.0,False
2023-09-11,Capsicum,Vegetables,kg,155.0,False
2023-09-18,Capsicum,Vegetables,kg,135.0,False
2023-09-25,Capsicum,Vegetables,kg,167.0,False
2023-10-02,Capsicum,Vegetables,kg,143.0,False
2023-10-09,Capsicum,Vegetables,kg,140.0,False
2023-10-16,Capsicum,Vegetables,kg,142.0,False
2023-10-23,Capsicum,Vegetables,kg,142.0,False
2023-10-30,Capsicum,Vegetables,kg,133.0,False
2023-11-06,Capsicum,Vegetables,kg,140.0,False
2023-11-13,Capsicum,Vegetables,kg,135.0,False
2023-11-20,Capsicum,Vegetables,kg,142.0,False
2023-11-27,Capsicum,Vegetables,kg,141.0,False
2023-12-04,Capsicum,Vegetables,kg,133.0,False
2023-12-11,Capsicum,Vegetables,kg,122.0,False
2023-12-18,Capsicum,Vegetables,kg,122.0,False
2023-12-25,Capsicum,Vegetables,kg,121.0,False
2024-01-01,Capsicum,Vegetables,kg,120.0,False
2024-01-08,Capsicum,Vegetables,kg,120.0,False
2024-01-15,Capsicum,Vegetables,kg,128.0,False
2024-01-22,Capsicum,Vegetables,kg,117.0,False
2024-01-29,Capsicum,Vegetables,kg,125.0,False
2024-02-05,Capsicum,Vegetables,kg,109.0,False
2024-02-12,Capsicum,Vegetables,kg,127.0,False
2024-02-19,Capsicum,Vegetables,kg,132.0,False
2024-02-26,Capsicum,Vegetables,kg,115.0,False
2024-03-04,Capsicum,Vegetables,kg,128.0,False
2024-03-11,Capsicum,Vegetables,kg,140.0,False
2024-03-18,Capsicum,Vegetables,kg,143.0,False
2024-03-25,Capsicum,Vegetables,kg,133.0,False
2024-04-01,Capsicum,Vegetables,kg,153.0,False
2024-04-08,Capsicum,Vegetables,kg,158.0,False
2024-04-15,Capsicum,Vegetables,kg,154.0,False
2024-04-22,Capsicum,Vegetables,kg,167.0,False
2024-04-29,Capsicum,Vegetables,kg,162.0,False
2024-05-06,Capsicum,Vegetables,kg,179.0,False
2024-05-13,Capsicum,Vegetables,kg,165.0,False
2024-05-20,Capsicum,Vegetables,kg,186.0,False
2024-05-27,Capsicum,Vegetables,kg,197.0,False
2024-06-03,Capsicum,Vegetables,kg,201.0,False
2024-06-10,Capsicum,Vegetables,kg,185.0,False
2024-06-17,Capsicum,Vegetables,kg,178.0,False
2024-06-24,Capsicum,Vegetables,kg,221.0,False
2024-07-01,Capsicum,Vegetables,kg,194.0,False
2024-07-08,Capsicum,Vegetables,kg,213.0,False
2024-07-15,Capsicum,Vegetables,kg,197.0,False
2024-07-22,Capsicum,Vegetables,kg,209.0,False
2024-07-29,Capsicum,Vegetables,kg,190.0,False
2024-08-05,Capsicum,Vegetables,kg,185.0,False
2024-08-12,Capsicum,Vegetables,kg,183.0,False
2024-08-19,Capsicum,Vegetables,kg,201.0,False
2024-08-26,Capsicum,Vegetables,kg,225.0,False
2024-09-02,Capsicum,Vegetables,kg,186.0,False
2024-09-09,Capsicum,Vegetables,kg,194.0,False
2024-09-16,Capsicum,Vegetables,kg,175.0,False
2024-09-23,Capsicum,Vegetables,kg,202.0,False
2024-09-30,Capsicum,Vegetables,kg,193.0,False
2024-10-07,Capsicum,Vegetables,kg,177.0,False
2024-10-14,Capsicum,Vegetables,kg,167.0,False
2024-10-21,Capsicum,Vegetables,kg,183.0,False
2024-10-28,Capsicum,Vegetables,kg,140.0,False
2024-11-04,Capsicum,Vegetables,kg,152.0,False
2024-11-11,Capsicum,Vegetables,kg,163.0,False
2024-11-18,Capsicum,Vegetables,kg,157.0,False
2024-11-25,Capsicum,Vegetables,kg,142.0,False
2024-12-02,Capsicum,Vegetables,kg,144.0,False
2024-12-09,Capsicum,Vegetables,kg,149.0,False
2024-12-16,Capsicum,Vegetables,kg,137.0,False
2024-12-23,Capsicum,Vegetables,kg,154.0,False
2024-12-30,Capsicum,Vegetables,kg,135.0,False
2025-01-06,Capsicum,Vegetables,kg,146.0,False
2025-01-13,Capsicum,Vegetables,kg,128.0,False
2025-01-20,Capsicum,Vegetables,kg,140.0,False
2025-01-27,Capsicum,Vegetables,kg,129.0,False
2025-02-03,Capsicum,Vegetables,kg,133.0,False
2025-02-10,Capsicum,Vegetables,kg,146.0,False
2025-02-17,Capsicum,Vegetables,kg,138.0,False
2025-02-24,Capsicum,Vegetables,kg,156.0,False
2025-03-03,Capsicum,Vegetables,kg,147.0,False
2025-03-10,Capsicum,Vegetables,kg,145.0,False
2025-03-17,Capsicum,Vegetables,kg,189.0,False
2025-03-24,Capsicum,Vegetables,kg,149.0,False
2025-03-31,Capsicum,Vegetables,kg,172.0,False
2025-04-07,Capsicum,Vegetables,kg,200.0,False
2025-04-14,Capsicum,Vegetables,kg,189.0,False
2025-04-21,Capsicum,Vegetables,kg,183.0,False
2025-04-28,Capsicum,Vegetables,kg,201.0,False
2025-05-05,Capsicum,Vegetables,kg,224.0,False
2025-05-12,Capsicum,Vegetables,kg,220.0,False
2025-05-19,Capsicum,Vegetables,kg,203.0,False
2025-05-26,Capsicum,Vegetables,kg,210.0,False
2025-06-02,Capsicum,Vegetables,kg,239.0,False
2025-06-09,Capsicum,Vegetables,kg,223.0,False
2025-06-16,Capsicum,Vegetables,kg,225.0,False
2025-06-23,Capsicum,Vegetables,kg,195.0,False
2025-06-30,Capsicum,Vegetables,kg,229.0,False
2025-07-07,Capsicum,Vegetables,kg,214.0,False
2025-07-14,Capsicum,Vegetables,kg,265.0,False
2025-07-21,Capsicum,Vegetables,kg,227.0,False
2025-07-28,Capsicum,Vegetables,kg,228.0,False
2025-08-04,Capsicum,Vegetables,kg,227.0,False
2025-08-11,Capsicum,Vegetables,kg,222.0,False
2025-08-18,Capsicum,Vegetables,kg,202.0,False
2025-08-25,Capsicum,Vegetables,kg,222.0,False
2025-09-01,Capsicum,Vegetables,kg,207.0,False
2025-09-08,Capsicum,Vegetables,kg,226.0,False
2025-09-15,Capsicum,Vegetables,kg,231.0,False
2025-09-22,Capsicum,Vegetables,kg,230.0,False
2025-09-29,Capsicum,Vegetables,kg,206.0,False
2025-10-06,Capsicum,Vegetables,kg,203.0,False
2025-10-13,Capsicum,Vegetables,kg,173.0,False
2025-10-20,Capsicum,Vegetables,kg,198.0,False
2025-10-27,Capsicum,Vegetables,kg,181.0,False
2025-11-03,Capsicum,Vegetables,kg,183.0,False
2025-11-10,Capsicum,Vegetables,kg,169.0,False
2025-11-17,Capsicum,Vegetables,kg,214.0,False
2025-11-24,Capsicum,Vegetables,kg,154.0,False
2025-12-01,Capsicum,Vegetables,kg,153.0,False
2025-12-08,Capsicum,Vegetables,kg,164.0,False
2025-12-15,Capsicum,Vegetables,kg,161.0,False
2025-12-22,Capsicum,Vegetables,kg,171.0,False
2025-12-29,Capsicum,Vegetables,kg,162.0,False
2026-01-05,Capsicum,Vegetables,kg,168.0,False
2026-01-12,Capsicum,Vegetables,kg,178.0,False
2026-01-19,Capsicum,Vegetables,kg,180.0,False
2026-01-26,Capsicum,Vegetables,kg,171.0,False
2026-02-02,Capsicum,Vegetables,kg,174.0,False
2026-02-09,Capsicum,Vegetables,kg,196.0,False
2026-02-16,Capsicum,Vegetables,kg,174.0,False
2026-02-23,Capsicum,Vegetables,kg,185.0,False
2026-03-02,Capsicum,Vegetables,kg,180.0,False
2026-03-09,Capsicum,Vegetables,kg,185.0,False
2026-03-16,Capsicum,Vegetables,kg,178.0,False
2026-03-23,Capsicum,Vegetables,kg,188.0,False
2026-03-30,Capsicum,Vegetables,kg,199.0,False
2026-04-06,Capsicum,Vegetables,kg,248.0,False
2026-04-13,Capsicum,Vegetables,kg,222.0,False
2026-04-20,Capsicum,Vegetables,kg,215.0,False
2026-04-27,Capsicum,Vegetables,kg,251.0,False
2026-05-04,Capsicum,Vegetables,kg,210.0,False
2026-05-11,Capsicum,Vegetables,kg,241.0,False
2026-05-18,Capsicum,Vegetables,kg,267.0,False
2026-05-25,Capsicum,Vegetables,kg,255.0,False
2026-06-01,Capsicum,Vegetables,kg,261.0,False
2026-06-08,Capsicum,Vegetables,kg,236.0,False
2026-06-15,Capsicum,Vegetables,kg,270.0,False
2026-06-22,Capsicum,Vegetables,kg,229.0,False
2026-06-29,Capsicum,Vegetables,kg,287.0,False
2026-07-06,Capsicum,Vegetables,kg,306.0,False
2026-07-13,Capsicum,Vegetables,kg,307.0,False
2026-07-20,Capsicum,Vegetables,kg,256.0,False
2026-07-27,Capsicum,Vegetables,kg,286.0,False
2026-08-03,Capsicum,Vegetables,kg,290.0,False
2023-08-14,Carrot,Vegetables,kg,82.0,False
2023-08-21,Carrot,Vegetables,kg,82.0,False
2023-08-28,Carrot,Vegetables,kg,88.0,False
2023-09-04,Carrot,Vegetables,kg,87.0,False
2023-09-11,Carrot,Vegetables,kg,75.0,False
2023-09-18,Carrot,Vegetables,kg,81.0,False
2023-09-25,Carrot,Vegetables,kg,88.0,False
2023-10-02,Carrot,Vegetables,kg,95.0,False
2023-10-09,Carrot,Vegetables,kg,80.0,False
2023-10-16,Carrot,Vegetables,kg,92.0,False
2023-10-23,Carrot,Vegetables,kg,86.0,False
2023-10-30,Carrot,Vegetables,kg,107.0,False
2023-11-06,Carrot,Vegetables,kg,93.0,False
2023-11-13,Carrot,Vegetables,kg,104.0,False
2023-11-20,Carrot,Vegetables,kg,101.0,False
2023-11-27,Carrot,Vegetables,kg,105.0,False
2023-12-04,Carrot,Vegetables,kg,104.0,False
2023-12-11,Carrot,Vegetables,kg,110.0,False
2023-12-18,Carrot,Vegetables,kg,109.0,False
2023-12-25,Carrot,Vegetables,kg,112.0,False
2024-01-01,Carrot,Vegetables,kg,108.0,False
2024-01-08,Carrot,Vegetables,kg,103.0,False
2024-01-15,Carrot,Vegetables,kg,122.0,False
2024-01-22,Carrot,Vegetables,kg,102.0,False
2024-01-29,Carrot,Vegetables,kg,114.0,False
2024-02-05,Carrot,Vegetables,kg,112.0,False
2024-02-12,Carrot,Vegetables,kg,107.0,False
2024-02-19,Carrot,Vegetables,kg,105.0,False
2024-02-26,Carrot,Vegetables,kg,109.0,False
2024-03-04,Carrot,Vegetables,kg,101.0,False
2024-03-11,Carrot,Vegetables,kg,109.0,False
2024-03-18,Carrot,Vegetables,kg,104.0,False
2024-03-25,Carrot,Vegetables,kg,109.0,False
2024-04-01,Carrot,Vegetables,kg,107.0,False
2024-04-08,Carrot,Vegetables,kg,106.0,False
2024-04-15,Carrot,Vegetables,kg,93.0,False
2024-04-22,Carrot,Vegetables,kg,99.0,False
2024-04-29,Carrot,Vegetables,kg,103.0,False
2024-05-06,Carrot,Vegetables,kg,99.0,False
2024-05-13,Carrot,Vegetables,kg,98.0,False
2024-05-20,Carrot,Vegetables,kg,99.0,False
2024-05-27,Carrot,Vegetables,kg,88.0,False
2024-06-03,Carrot,Vegetables,kg,100.0,False
2024-06-10,Carrot,Vegetables,kg,88.0,False
2024-06-17,Carrot,Vegetables,kg,87.0,False
2024-06-24,Carrot,Vegetables,kg,86.0,False
2024-07-01,Carrot,Vegetables,kg,88.0,False
2024-07-08,Carrot,Vegetables,kg,93.0,False
2024-07-15,Carrot,Vegetables,kg,92.0,False
2024-07-22,Carrot,Vegetables,kg,99.0,False
2024-07-29,Carrot,Vegetables,kg,94.0,False
2024-08-05,Carrot,Vegetables,kg,91.0,False
2024-08-12,Carrot,Vegetables,kg,89.0,False
2024-08-19,Carrot,Vegetables,kg,98.0,False
2024-08-26,Carrot,Vegetables,kg,100.0,False
2024-09-02,Carrot,Vegetables,kg,90.0,False
2024-09-09,Carrot,Vegetables,kg,105.0,False
2024-09-16,Carrot,Vegetables,kg,97.0,False
2024-09-23,Carrot,Vegetables,kg,102.0,False
2024-09-30,Carrot,Vegetables,kg,100.0,False
2024-10-07,Carrot,Vegetables,kg,110.0,False
2024-10-14,Carrot,Vegetables,kg,111.0,False
2024-10-21,Carrot,Vegetables,kg,106.0,False
2024-10-28,Carrot,Vegetables,kg,103.0,False
2024-11-04,Carrot,Vegetables,kg,110.0,False
2024-11-11,Carrot,Vegetables,kg,114.0,False
2024-11-18,Carrot,Vegetables,kg,126.0,False
2024-11-25,Carrot,Vegetables,kg,120.0,False
2024-12-02,Carrot,Vegetables,kg,128.0,False
2024-12-09,Carrot,Vegetables,kg,122.0,False
2024-12-16,Carrot,Vegetables,kg,140.0,False
2024-12-23,Carrot,Vegetables,kg,136.0,False
2024-12-30,Carrot,Vegetables,kg,143.0,False
2025-01-06,Carrot,Vegetables,kg,129.0,False
2025-01-13,Carrot,Vegetables,kg,132.0,False
2025-01-20,Carrot,Vegetables,kg,144.0,False
2025-01-27,Carrot,Vegetables,kg,145.0,False
2025-02-03,Carrot,Vegetables,kg,138.0,False
2025-02-10,Carrot,Vegetables,kg,143.0,False
2025-02-17,Carrot,Vegetables,kg,119.0,False
2025-02-24,Carrot,Vegetables,kg,129.0,False
2025-03-03,Carrot,Vegetables,kg,137.0,False
2025-03-10,Carrot,Vegetables,kg,121.0,False
2025-03-17,Carrot,Vegetables,kg,135.0,False
2025-03-24,Carrot,Vegetables,kg,124.0,False
2025-03-31,Carrot,Vegetables,kg,123.0,False
2025-04-07,Carrot,Vegetables,kg,127.0,False
2025-04-14,Carrot,Vegetables,kg,127.0,False
2025-04-21,Carrot,Vegetables,kg,115.0,False
2025-04-28,Carrot,Vegetables,kg,116.0,False
2025-05-05,Carrot,Vegetables,kg,123.0,False
2025-05-12,Carrot,Vegetables,kg,109.0,False
2025-05-19,Carrot,Vegetables,kg,121.0,False
2025-05-26,Carrot,Vegetables,kg,109.0,False
2025-06-02,Carrot,Vegetables,kg,121.0,False
2025-06-09,Carrot,Vegetables,kg,114.0,False
2025-06-16,Carrot,Vegetables,kg,111.0,False
2025-06-23,Carrot,Vegetables,kg,95.0,False
2025-06-30,Carrot,Vegetables,kg,103.0,False
2025-07-07,Carrot,Vegetables,kg,104.0,False
2025-07-14,Carrot,Vegetables,kg,113.0,False
2025-07-21,Carrot,Vegetables,kg,107.0,False
2025-07-28,Carrot,Vegetables,kg,108.0,False
2025-08-04,Carrot,Vegetables,kg,108.0,False
2025-08-11,Carrot,Vegetables,kg,99.0,False
2025-08-18,Carrot,Vegetables,kg,105.0,False
2025-08-25,Carrot,Vegetables,kg,116.0,False
2025-09-01,Carrot,Vegetables,kg,107.0,False
2025-09-08,Carrot,Vegetables,kg,98.0,False
2025-09-15,Carrot,Vegetables,kg,116.0,False
2025-09-22,Carrot,Vegetables,kg,111.0,False
2025-09-29,Carrot,Vegetables,kg,130.0,False
2025-10-06,Carrot,Vegetables,kg,115.0,False
2025-10-13,Carrot,Vegetables,kg,121.0,False
2025-10-20,Carrot,Vegetables,kg,139.0,False
2025-10-27,Carrot,Vegetables,kg,135.0,False
2025-11-03,Carrot,Vegetables,kg,126.0,False
2025-11-10,Carrot,Vegetables,kg,145.0,False
2025-11-17,Carrot,Vegetables,kg,140.0,False
2025-11-24,Carrot,Vegetables,kg,153.0,False
2025-12-01,Carrot,Vegetables,kg,145.0,False
2025-12-08,Carrot,Vegetables,kg,147.0,False
2025-12-15,Carrot,Vegetables,kg,162.0,False
2025-12-22,Carrot,Vegetables,kg,157.0,False
2025-12-29,Carrot,Vegetables,kg,153.0,False
2026-01-05,Carrot,Vegetables,kg,149.0,False
2026-01-12,Carrot,Vegetables,kg,138.0,False
2026-01-19,Carrot,Vegetables,kg,152.0,False
2026-01-26,Carrot,Vegetables,kg,149.0,False
2026-02-02,Carrot,Vegetables,kg,160.0,False
2026-02-09,Carrot,Vegetables,kg,163.0,False
2026-02-16,Carrot,Vegetables,kg,158.0,False
2026-02-23,Carrot,Vegetables,kg,167.0,False
2026-03-02,Carrot,Vegetables,kg,146.0,False
2026-03-09,Carrot,Vegetables,kg,155.0,False
2026-03-16,Carrot,Vegetables,kg,162.0,False
2026-03-23,Carrot,Vegetables,kg,148.0,False
2026-03-30,Carrot,Vegetables,kg,143.0,False
2026-04-06,Carrot,Vegetables,kg,137.0,False
2026-04-13,Carrot,Vegetables,kg,134.0,False
2026-04-20,Carrot,Vegetables,kg,143.0,False
2026-04-27,Carrot,Vegetables,kg,137.0,False
2026-05-04,Carrot,Vegetables,kg,139.0,False
2026-05-11,Carrot,Vegetables,kg,137.0,False
2026-05-18,Carrot,Vegetables,kg,137.0,False
2026-05-25,Carrot,Vegetables,kg,136.0,False
2026-06-01,Carrot,Vegetables,kg,125.0,False
2026-06-08,Carrot,Vegetables,kg,112.0,False
2026-06-15,Carrot,Vegetables,kg,119.0,False
2026-06-22,Carrot,Vegetables,kg,119.0,False
2026-06-29,Carrot,Vegetables,kg,123.0,False
2026-07-06,Carrot,Vegetables,kg,121.0,False
2026-07-13,Carrot,Vegetables,kg,114.0,False
2026-07-20,Carrot,Vegetables,kg,115.0,False
2026-07-27,Carrot,Vegetables,kg,119.0,False
2026-08-03,Carrot,Vegetables,kg,131.0,False
2023-08-14,Cauliflower,Vegetables,kg,63.0,False
2023-08-21,Cauliflower,Vegetables,kg,73.0,False
2023-08-28,Cauliflower,Vegetables,kg,71.0,False
2023-09-04,Cauliflower,Vegetables,kg,68.0,False
2023-09-11,Cauliflower,Vegetables,kg,82.0,False
2023-09-18,Cauliflower,Vegetables,kg,75.0,False
2023-09-25,Cauliflower,Vegetables,kg,67.0,False
2023-10-02,Cauliflower,Vegetables,kg,74.0,False
2023-10-09,Cauliflower,Vegetables,kg,81.0,False
2023-10-16,Cauliflower,Vegetables,kg,83.0,False
2023-10-23,Cauliflower,Vegetables,kg,90.0,False
2023-10-30,Cauliflower,Vegetables,kg,83.0,False
2023-11-06,Cauliflower,Vegetables,kg,96.0,False
2023-11-13,Cauliflower,Vegetables,kg,93.0,False
2023-11-20,Cauliflower,Vegetables,kg,93.0,False
2023-11-27,Cauliflower,Vegetables,kg,100.0,False
2023-12-04,Cauliflower,Vegetables,kg,99.0,False
2023-12-11,Cauliflower,Vegetables,kg,97.0,False
2023-12-18,Cauliflower,Vegetables,kg,98.0,False
2023-12-25,Cauliflower,Vegetables,kg,100.0,False
2024-01-01,Cauliflower,Vegetables,kg,99.0,False
2024-01-08,Cauliflower,Vegetables,kg,109.0,False
2024-01-15,Cauliflower,Vegetables,kg,114.0,False
2024-01-22,Cauliflower,Vegetables,kg,94.0,False
2024-01-29,Cauliflower,Vegetables,kg,95.0,False
2024-02-05,Cauliflower,Vegetables,kg,112.0,False
2024-02-12,Cauliflower,Vegetables,kg,96.0,False
2024-02-19,Cauliflower,Vegetables,kg,98.0,False
2024-02-26,Cauliflower,Vegetables,kg,101.0,False
2024-03-04,Cauliflower,Vegetables,kg,95.0,False
2024-03-11,Cauliflower,Vegetables,kg,104.0,False
2024-03-18,Cauliflower,Vegetables,kg,89.0,False
2024-03-25,Cauliflower,Vegetables,kg,96.0,False
2024-04-01,Cauliflower,Vegetables,kg,99.0,False
2024-04-08,Cauliflower,Vegetables,kg,95.0,False
2024-04-15,Cauliflower,Vegetables,kg,89.0,False
2024-04-22,Cauliflower,Vegetables,kg,82.0,False
2024-04-29,Cauliflower,Vegetables,kg,89.0,False
2024-05-06,Cauliflower,Vegetables,kg,94.0,False
2024-05-13,Cauliflower,Vegetables,kg,78.0,False
2024-05-20,Cauliflower,Vegetables,kg,82.0,False
2024-05-27,Cauliflower,Vegetables,kg,90.0,False
2024-06-03,Cauliflower,Vegetables,kg,76.0,False
2024-06-10,Cauliflower,Vegetables,kg,79.0,False
2024-06-17,Cauliflower,Vegetables,kg,68.0,False
2024-06-24,Cauliflower,Vegetables,kg,77.0,False
2024-07-01,Cauliflower,Vegetables,kg,73.0,False
2024-07-08,Cauliflower,Vegetables,kg,72.0,False
2024-07-15,Cauliflower,Vegetables,kg,72.0,False
2024-07-22,Cauliflower,Vegetables,kg,76.0,False
2024-07-29,Cauliflower,Vegetables,kg,75.0,False
2024-08-05,Cauliflower,Vegetables,kg,69.0,False
2024-08-12,Cauliflower,Vegetables,kg,68.0,False
2024-08-19,Cauliflower,Vegetables,kg,76.0,False
2024-08-26,Cauliflower,Vegetables,kg,71.0,False
2024-09-02,Cauliflower,Vegetables,kg,74.0,False
2024-09-09,Cauliflower,Vegetables,kg,83.0,False
2024-09-16,Cauliflower,Vegetables,kg,89.0,False
2024-09-23,Cauliflower,Vegetables,kg,90.0,False
2024-09-30,Cauliflower,Vegetables,kg,94.0,False
2024-10-07,Cauliflower,Vegetables,kg,105.0,False
2024-10-14,Cauliflower,Vegetables,kg,94.0,False
2024-10-21,Cauliflower,Vegetables,kg,103.0,False
2024-10-28,Cauliflower,Vegetables,kg,105.0,False
2024-11-04,Cauliflower,Vegetables,kg,114.0,False
2024-11-11,Cauliflower,Vegetables,kg,94.0,False
2024-11-18,Cauliflower,Vegetables,kg,110.0,False
2024-11-25,Cauliflower,Vegetables,kg,111.0,False
2024-12-02,Cauliflower,Vegetables,kg,123.0,False
2024-12-09,Cauliflower,Vegetables,kg,123.0,False
2024-12-16,Cauliflower,Vegetables,kg,116.0,False
2024-12-23,Cauliflower,Vegetables,kg,112.0,False
2024-12-30,Cauliflower,Vegetables,kg,140.0,False
2025-01-06,Cauliflower,Vegetables,kg,129.0,False
2025-01-13,Cauliflower,Vegetables,kg,128.0,False
2025-01-20,Cauliflower,Vegetables,kg,133.0,False
2025-01-27,Cauliflower,Vegetables,kg,122.0,False
2025-02-03,Cauliflower,Vegetables,kg,112.0,False
2025-02-10,Cauliflower,Vegetables,kg,122.0,False
2025-02-17,Cauliflower,Vegetables,kg,115.0,False
2025-02-24,Cauliflower,Vegetables,kg,114.0,False
2025-03-03,Cauliflower,Vegetables,kg,118.0,False
2025-03-10,Cauliflower,Vegetables,kg,107.0,False
2025-03-17,Cauliflower,Vegetables,kg,124.0,False
2025-03-24,Cauliflower,Vegetables,kg,122.0,False
2025-03-31,Cauliflower,Vegetables,kg,115.0,False
2025-04-07,Cauliflower,Vegetables,kg,114.0,False
2025-04-14,Cauliflower,Vegetables,kg,109.0,False
2025-04-21,Cauliflower,Vegetables,kg,98.0,False
2025-04-28,Cauliflower,Vegetables,kg,106.0,False
2025-05-05,Cauliflower,Vegetables,kg,93.0,False
2025-05-12,Cauliflower,Vegetables,kg,96.0,False
2025-05-19,Cauliflower,Vegetables,kg,95.0,False
2025-05-26,Cauliflower,Vegetables,kg,97.0,False
2025-06-02,Cauliflower,Vegetables,kg,103.0,False
2025-06-09,Cauliflower,Vegetables,kg,91.0,False
2025-06-16,Cauliflower,Vegetables,kg,96.0,False
2025-06-23,Cauliflower,Vegetables,kg,84.0,False
2025-06-30,Cauliflower,Vegetables,kg,84.0,False
2025-07-07,Cauliflower,Vegetables,kg,103.0,False
2025-07-14,Cauliflower,Vegetables,kg,84.0,False
2025-07-21,Cauliflower,Vegetables,kg,93.0,False
2025-07-28,Cauliflower,Vegetables,kg,91.0,False
2025-08-04,Cauliflower,Vegetables,kg,93.0,False
2025-08-11,Cauliflower,Vegetables,kg,93.0,False
2025-08-18,Cauliflower,Vegetables,kg,94.0,False
2025-08-25,Cauliflower,Vegetables,kg,96.0,False
2025-09-01,Cauliflower,Vegetables,kg,102.0,False
2025-09-08,Cauliflower,Vegetables,kg,98.0,False
2025-09-15,Cauliflower,Vegetables,kg,97.0,False
2025-09-22,Cauliflower,Vegetables,kg,116.0,False
2025-09-29,Cauliflower,Vegetables,kg,108.0,False
2025-10-06,Cauliflower,Vegetables,kg,117.0,False
2025-10-13,Cauliflower,Vegetables,kg,133.0,False
2025-10-20,Cauliflower,Vegetables,kg,116.0,False
2025-10-27,Cauliflower,Vegetables,kg,112.0,False
2025-11-03,Cauliflower,Vegetables,kg,109.0,False
2025-11-10,Cauliflower,Vegetables,kg,125.0,False
2025-11-17,Cauliflower,Vegetables,kg,132.0,False
2025-11-24,Cauliflower,Vegetables,kg,137.0,False
2025-12-01,Cauliflower,Vegetables,kg,129.0,False
2025-12-08,Cauliflower,Vegetables,kg,133.0,False
2025-12-15,Cauliflower,Vegetables,kg,134.0,False
2025-12-22,Cauliflower,Vegetables,kg,150.0,False
2025-12-29,Cauliflower,Vegetables,kg,135.0,False
2026-01-05,Cauliflower,Vegetables,kg,165.0,False
2026-01-12,Cauliflower,Vegetables,kg,139.0,False
2026-01-19,Cauliflower,Vegetables,kg,134.0,False
2026-01-26,Cauliflower,Vegetables,kg,131.0,False
2026-02-02,Cauliflower,Vegetables,kg,135.0,False
2026-02-09,Cauliflower,Vegetables,kg,140.0,False
2026-02-16,Cauliflower,Vegetables,kg,147.0,False
2026-02-23,Cauliflower,Vegetables,kg,123.0,False
2026-03-02,Cauliflower,Vegetables,kg,140.0,False
2026-03-09,Cauliflower,Vegetables,kg,136.0,False
2026-03-16,Cauliflower,Vegetables,kg,134.0,False
2026-03-23,Cauliflower,Vegetables,kg,142.0,False
2026-03-30,Cauliflower,Vegetables,kg,127.0,False
2026-04-06,Cauliflower,Vegetables,kg,143.0,False
2026-04-13,Cauliflower,Vegetables,kg,131.0,False
2026-04-20,Cauliflower,Vegetables,kg,132.0,False
2026-04-27,Cauliflower,Vegetables,kg,131.0,False
2026-05-04,Cauliflower,Vegetables,kg,115.0,False
2026-05-11,Cauliflower,Vegetables,kg,120.0,False
2026-05-18,Cauliflower,Vegetables,kg,114.0,False
2026-05-25,Cauliflower,Vegetables,kg,114.0,False
2026-06-01,Cauliflower,Vegetables,kg,101.0,False
2026-06-08,Cauliflower,Vegetables,kg,113.0,False
2026-06-15,Cauliflower,Vegetables,kg,104.0,False
2026-06-22,Cauliflower,Vegetables,kg,111.0,False
2026-06-29,Cauliflower,Vegetables,kg,110.0,False
2026-07-06,Cauliflower,Vegetables,kg,106.0,False
2026-07-13,Cauliflower,Vegetables,kg,82.0,False
2026-07-20,Cauliflower,Vegetables,kg,103.0,False
2026-07-27,Cauliflower,Vegetables,kg,95.0,False
2026-08-03,Cauliflower,Vegetables,kg,107.0,False
2023-08-14,Chicken (Farm Gate Rate),Poultry & Meat,kg,279.0,False
2023-08-21,Chicken (Farm Gate Rate),Poultry & Meat,kg,318.0,False
2023-08-28,Chicken (Farm Gate Rate),Poultry & Meat,kg,289.0,False
2023-09-04,Chicken (Farm Gate Rate),Poultry & Meat,kg,341.0,False
2023-09-11,Chicken (Farm Gate Rate),Poultry & Meat,kg,346.0,False
2023-09-18,Chicken (Farm Gate Rate),Poultry & Meat,kg,297.0,False
2023-09-25,Chicken (Farm Gate Rate),Poultry & Meat,kg,317.0,False
2023-10-02,Chicken (Farm Gate Rate),Poultry & Meat,kg,337.0,False
2023-10-09,Chicken (Farm Gate Rate),Poultry & Meat,kg,293.0,False
2023-10-16,Chicken (Farm Gate Rate),Poultry & Meat,kg,295.0,False
2023-10-23,Chicken (Farm Gate Rate),Poultry & Meat,kg,314.0,False
2023-10-30,Chicken (Farm Gate Rate),Poultry & Meat,kg,349.0,False
2023-11-06,Chicken (Farm Gate Rate),Poultry & Meat,kg,303.0,False
2023-11-13,Chicken (Farm Gate Rate),Poultry & Meat,kg,329.0,False
2023-11-20,Chicken (Farm Gate Rate),Poultry & Meat,kg,281.0,False
2023-11-27,Chicken (Farm Gate Rate),Poultry & Meat,kg,508.0,True
2023-12-04,Chicken (Farm Gate Rate),Poultry & Meat,kg,775.0,True
2023-12-11,Chicken (Farm Gate Rate),Poultry & Meat,kg,831.0,True
2023-12-18,Chicken (Farm Gate Rate),Poultry & Meat,kg,755.0,True
2023-12-25,Chicken (Farm Gate Rate),Poultry & Meat,kg,343.0,True
2024-01-01,Chicken (Farm Gate Rate),Poultry & Meat,kg,387.0,False
2024-01-08,Chicken (Farm Gate Rate),Poultry & Meat,kg,372.0,False
2024-01-15,Chicken (Farm Gate Rate),Poultry & Meat,kg,324.0,False
2024-01-22,Chicken (Farm Gate Rate),Poultry & Meat,kg,421.0,False
2024-01-29,Chicken (Farm Gate Rate),Poultry & Meat,kg,379.0,False
2024-02-05,Chicken (Farm Gate Rate),Poultry & Meat,kg,400.0,False
2024-02-12,Chicken (Farm Gate Rate),Poultry & Meat,kg,392.0,False
2024-02-19,Chicken (Farm Gate Rate),Poultry & Meat,kg,413.0,False
2024-02-26,Chicken (Farm Gate Rate),Poultry & Meat,kg,391.0,False
2024-03-04,Chicken (Farm Gate Rate),Poultry & Meat,kg,430.0,False
2024-03-11,Chicken (Farm Gate Rate),Poultry & Meat,kg,464.0,False
2024-03-18,Chicken (Farm Gate Rate),Poultry & Meat,kg,491.0,False
2024-03-25,Chicken (Farm Gate Rate),Poultry & Meat,kg,430.0,False
2024-04-01,Chicken (Farm Gate Rate),Poultry & Meat,kg,432.0,False
2024-04-08,Chicken (Farm Gate Rate),Poultry & Meat,kg,441.0,False
2024-04-15,Chicken (Farm Gate Rate),Poultry & Meat,kg,414.0,False
2024-04-22,Chicken (Farm Gate Rate),Poultry & Meat,kg,453.0,False
2024-04-29,Chicken (Farm Gate Rate),Poultry & Meat,kg,514.0,False
2024-05-06,Chicken (Farm Gate Rate),Poultry & Meat,kg,456.0,False
2024-05-13,Chicken (Farm Gate Rate),Poultry & Meat,kg,478.0,False
2024-05-20,Chicken (Farm Gate Rate),Poultry & Meat,kg,425.0,False
2024-05-27,Chicken (Farm Gate Rate),Poultry & Meat,kg,468.0,False
2024-06-03,Chicken (Farm Gate Rate),Poultry & Meat,kg,472.0,False
2024-06-10,Chicken (Farm Gate Rate),Poultry & Meat,kg,456.0,False
2024-06-17,Chicken (Farm Gate Rate),Poultry & Meat,kg,430.0,False
2024-06-24,Chicken (Farm Gate Rate),Poultry & Meat,kg,431.0,False
2024-07-01,Chicken (Farm Gate Rate),Poultry & Meat,kg,394.0,False
2024-07-08,Chicken (Farm Gate Rate),Poultry & Meat,kg,491.0,False
2024-07-15,Chicken (Farm Gate Rate),Poultry & Meat,kg,440.0,False
2024-07-22,Chicken (Farm Gate Rate),Poultry & Meat,kg,429.0,False
2024-07-29,Chicken (Farm Gate Rate),Poultry & Meat,kg,370.0,False
2024-08-05,Chicken (Farm Gate Rate),Poultry & Meat,kg,336.0,False
2024-08-12,Chicken (Farm Gate Rate),Poultry & Meat,kg,369.0,False
2024-08-19,Chicken (Farm Gate Rate),Poultry & Meat,kg,599.0,True
2024-08-26,Chicken (Farm Gate Rate),Poultry & Meat,kg,672.0,True
2024-09-02,Chicken (Farm Gate Rate),Poultry & Meat,kg,803.0,True
2024-09-09,Chicken (Farm Gate Rate),Poultry & Meat,kg,1035.0,True
2024-09-16,Chicken (Farm Gate Rate),Poultry & Meat,kg,533.0,True
2024-09-23,Chicken (Farm Gate Rate),Poultry & Meat,kg,360.0,True
2024-09-30,Chicken (Farm Gate Rate),Poultry & Meat,kg,340.0,False
2024-10-07,Chicken (Farm Gate Rate),Poultry & Meat,kg,416.0,False
2024-10-14,Chicken (Farm Gate Rate),Poultry & Meat,kg,325.0,False
2024-10-21,Chicken (Farm Gate Rate),Poultry & Meat,kg,358.0,False
2024-10-28,Chicken (Farm Gate Rate),Poultry & Meat,kg,360.0,False
2024-11-04,Chicken (Farm Gate Rate),Poultry & Meat,kg,364.0,False
2024-11-11,Chicken (Farm Gate Rate),Poultry & Meat,kg,335.0,False
2024-11-18,Chicken (Farm Gate Rate),Poultry & Meat,kg,423.0,False
2024-11-25,Chicken (Farm Gate Rate),Poultry & Meat,kg,409.0,False
2024-12-02,Chicken (Farm Gate Rate),Poultry & Meat,kg,411.0,False
2024-12-09,Chicken (Farm Gate Rate),Poultry & Meat,kg,410.0,False
2024-12-16,Chicken (Farm Gate Rate),Poultry & Meat,kg,392.0,False
2024-12-23,Chicken (Farm Gate Rate),Poultry & Meat,kg,414.0,False
2024-12-30,Chicken (Farm Gate Rate),Poultry & Meat,kg,529.0,False
2025-01-06,Chicken (Farm Gate Rate),Poultry & Meat,kg,832.0,True
2025-01-13,Chicken (Farm Gate Rate),Poultry & Meat,kg,851.0,True
2025-01-20,Chicken (Farm Gate Rate),Poultry & Meat,kg,888.0,True
2025-01-27,Chicken (Farm Gate Rate),Poultry & Meat,kg,798.0,True
2025-02-03,Chicken (Farm Gate Rate),Poultry & Meat,kg,723.0,True
2025-02-10,Chicken (Farm Gate Rate),Poultry & Meat,kg,465.0,True
2025-02-17,Chicken (Farm Gate Rate),Poultry & Meat,kg,518.0,False
2025-02-24,Chicken (Farm Gate Rate),Poultry & Meat,kg,459.0,False
2025-03-03,Chicken (Farm Gate Rate),Poultry & Meat,kg,499.0,False
2025-03-10,Chicken (Farm Gate Rate),Poultry & Meat,kg,567.0,False
2025-03-17,Chicken (Farm Gate Rate),Poultry & Meat,kg,520.0,False
2025-03-24,Chicken (Farm Gate Rate),Poultry & Meat,kg,622.0,False
2025-03-31,Chicken (Farm Gate Rate),Poultry & Meat,kg,490.0,False
2025-04-07,Chicken (Farm Gate Rate),Poultry & Meat,kg,467.0,False
2025-04-14,Chicken (Farm Gate Rate),Poultry & Meat,kg,455.0,False
2025-04-21,Chicken (Farm Gate Rate),Poultry & Meat,kg,475.0,False
2025-04-28,Chicken (Farm Gate Rate),Poultry & Meat,kg,576.0,False
2025-05-05,Chicken (Farm Gate Rate),Poultry & Meat,kg,654.0,False
2025-05-12,Chicken (Farm Gate Rate),Poultry & Meat,kg,545.0,False
2025-05-19,Chicken (Farm Gate Rate),Poultry & Meat,kg,471.0,False
2025-05-26,Chicken (Farm Gate Rate),Poultry & Meat,kg,472.0,False
2025-06-02,Chicken (Farm Gate Rate),Poultry & Meat,kg,480.0,False
2025-06-09,Chicken (Farm Gate Rate),Poultry & Meat,kg,483.0,False
2025-06-16,Chicken (Farm Gate Rate),Poultry & Meat,kg,483.0,False
2025-06-23,Chicken (Farm Gate Rate),Poultry & Meat,kg,514.0,False
2025-06-30,Chicken (Farm Gate Rate),Poultry & Meat,kg,524.0,False
2025-07-07,Chicken (Farm Gate Rate),Poultry & Meat,kg,469.0,False
2025-07-14,Chicken (Farm Gate Rate),Poultry & Meat,kg,449.0,False
2025-07-21,Chicken (Farm Gate Rate),Poultry & Meat,kg,488.0,False
2025-07-28,Chicken (Farm Gate Rate),Poultry & Meat,kg,488.0,False
2025-08-04,Chicken (Farm Gate Rate),Poultry & Meat,kg,479.0,False
2025-08-11,Chicken (Farm Gate Rate),Poultry & Meat,kg,415.0,False
2025-08-18,Chicken (Farm Gate Rate),Poultry & Meat,kg,493.0,False
2025-08-25,Chicken (Farm Gate Rate),Poultry & Meat,kg,741.0,True
2025-09-01,Chicken (Farm Gate Rate),Poultry & Meat,kg,1481.0,True
2025-09-08,Chicken (Farm Gate Rate),Poultry & Meat,kg,1272.0,True
2025-09-15,Chicken (Farm Gate Rate),Poultry & Meat,kg,1190.0,True
2025-09-22,Chicken (Farm Gate Rate),Poultry & Meat,kg,651.0,True
2025-09-29,Chicken (Farm Gate Rate),Poultry & Meat,kg,361.0,True
2025-10-06,Chicken (Farm Gate Rate),Poultry & Meat,kg,362.0,False
2025-10-13,Chicken (Farm Gate Rate),Poultry & Meat,kg,492.0,False
2025-10-20,Chicken (Farm Gate Rate),Poultry & Meat,kg,381.0,False
2025-10-27,Chicken (Farm Gate Rate),Poultry & Meat,kg,454.0,False
2025-11-03,Chicken (Farm Gate Rate),Poultry & Meat,kg,504.0,False
2025-11-10,Chicken (Farm Gate Rate),Poultry & Meat,kg,395.0,False
2025-11-17,Chicken (Farm Gate Rate),Poultry & Meat,kg,549.0,False
2025-11-24,Chicken (Farm Gate Rate),Poultry & Meat,kg,432.0,False
2025-12-01,Chicken (Farm Gate Rate),Poultry & Meat,kg,429.0,False
2025-12-08,Chicken (Farm Gate Rate),Poultry & Meat,kg,462.0,False
2025-12-15,Chicken (Farm Gate Rate),Poultry & Meat,kg,507.0,False
2025-12-22,Chicken (Farm Gate Rate),Poultry & Meat,kg,500.0,False
2025-12-29,Chicken (Farm Gate Rate),Poultry & Meat,kg,515.0,False
2026-01-05,Chicken (Farm Gate Rate),Poultry & Meat,kg,457.0,False
2026-01-12,Chicken (Farm Gate Rate),Poultry & Meat,kg,505.0,False
2026-01-19,Chicken (Farm Gate Rate),Poultry & Meat,kg,534.0,False
2026-01-26,Chicken (Farm Gate Rate),Poultry & Meat,kg,538.0,False
2026-02-02,Chicken (Farm Gate Rate),Poultry & Meat,kg,558.0,False
2026-02-09,Chicken (Farm Gate Rate),Poultry & Meat,kg,554.0,False
2026-02-16,Chicken (Farm Gate Rate),Poultry & Meat,kg,527.0,False
2026-02-23,Chicken (Farm Gate Rate),Poultry & Meat,kg,604.0,False
2026-03-02,Chicken (Farm Gate Rate),Poultry & Meat,kg,622.0,False
2026-03-09,Chicken (Farm Gate Rate),Poultry & Meat,kg,577.0,False
2026-03-16,Chicken (Farm Gate Rate),Poultry & Meat,kg,589.0,False
2026-03-23,Chicken (Farm Gate Rate),Poultry & Meat,kg,623.0,False
2026-03-30,Chicken (Farm Gate Rate),Poultry & Meat,kg,688.0,False
2026-04-06,Chicken (Farm Gate Rate),Poultry & Meat,kg,563.0,False
2026-04-13,Chicken (Farm Gate Rate),Poultry & Meat,kg,547.0,False
2026-04-20,Chicken (Farm Gate Rate),Poultry & Meat,kg,604.0,False
2026-04-27,Chicken (Farm Gate Rate),Poultry & Meat,kg,623.0,False
2026-05-04,Chicken (Farm Gate Rate),Poultry & Meat,kg,732.0,False
2026-05-11,Chicken (Farm Gate Rate),Poultry & Meat,kg,573.0,False
2026-05-18,Chicken (Farm Gate Rate),Poultry & Meat,kg,592.0,False
2026-05-25,Chicken (Farm Gate Rate),Poultry & Meat,kg,548.0,False
2026-06-01,Chicken (Farm Gate Rate),Poultry & Meat,kg,662.0,False
2026-06-08,Chicken (Farm Gate Rate),Poultry & Meat,kg,513.0,False
2026-06-15,Chicken (Farm Gate Rate),Poultry & Meat,kg,638.0,False
2026-06-22,Chicken (Farm Gate Rate),Poultry & Meat,kg,660.0,False
2026-06-29,Chicken (Farm Gate Rate),Poultry & Meat,kg,517.0,False
2026-07-06,Chicken (Farm Gate Rate),Poultry & Meat,kg,532.0,False
2026-07-13,Chicken (Farm Gate Rate),Poultry & Meat,kg,544.0,False
2026-07-20,Chicken (Farm Gate Rate),Poultry & Meat,kg,553.0,False
2026-07-27,Chicken (Farm Gate Rate),Poultry & Meat,kg,527.0,False
2026-08-03,Chicken (Farm Gate Rate),Poultry & Meat,kg,599.0,False
2023-08-14,Chicken (Processed Rate),Poultry & Meat,kg,318.0,False
2023-08-21,Chicken (Processed Rate),Poultry & Meat,kg,466.0,False
2023-08-28,Chicken (Processed Rate),Poultry & Meat,kg,411.0,False
2023-09-04,Chicken (Processed Rate),Poultry & Meat,kg,396.0,False
2023-09-11,Chicken (Processed Rate),Poultry & Meat,kg,395.0,False
2023-09-18,Chicken (Processed Rate),Poultry & Meat,kg,388.0,False
2023-09-25,Chicken (Processed Rate),Poultry & Meat,kg,406.0,False
2023-10-02,Chicken (Processed Rate),Poultry & Meat,kg,431.0,False
2023-10-09,Chicken (Processed Rate),Poultry & Meat,kg,334.0,False
2023-10-16,Chicken (Processed Rate),Poultry & Meat,kg,408.0,False
2023-10-23,Chicken (Processed Rate),Poultry & Meat,kg,389.0,False
2023-10-30,Chicken (Processed Rate),Poultry & Meat,kg,441.0,False
2023-11-06,Chicken (Processed Rate),Poultry & Meat,kg,385.0,False
2023-11-13,Chicken (Processed Rate),Poultry & Meat,kg,423.0,False
2023-11-20,Chicken (Processed Rate),Poultry & Meat,kg,370.0,False
2023-11-27,Chicken (Processed Rate),Poultry & Meat,kg,407.0,False
2023-12-04,Chicken (Processed Rate),Poultry & Meat,kg,422.0,False
2023-12-11,Chicken (Processed Rate),Poultry & Meat,kg,473.0,False
2023-12-18,Chicken (Processed Rate),Poultry & Meat,kg,441.0,False
2023-12-25,Chicken (Processed Rate),Poultry & Meat,kg,426.0,False
2024-01-01,Chicken (Processed Rate),Poultry & Meat,kg,494.0,False
2024-01-08,Chicken (Processed Rate),Poultry & Meat,kg,476.0,False
2024-01-15,Chicken (Processed Rate),Poultry & Meat,kg,462.0,False
2024-01-22,Chicken (Processed Rate),Poultry & Meat,kg,480.0,False
2024-01-29,Chicken (Processed Rate),Poultry & Meat,kg,557.0,False
2024-02-05,Chicken (Processed Rate),Poultry & Meat,kg,518.0,False
2024-02-12,Chicken (Processed Rate),Poultry & Meat,kg,453.0,False
2024-02-19,Chicken (Processed Rate),Poultry & Meat,kg,561.0,False
2024-02-26,Chicken (Processed Rate),Poultry & Meat,kg,543.0,False
2024-03-04,Chicken (Processed Rate),Poultry & Meat,kg,608.0,False
2024-03-11,Chicken (Processed Rate),Poultry & Meat,kg,550.0,False
2024-03-18,Chicken (Processed Rate),Poultry & Meat,kg,591.0,False
2024-03-25,Chicken (Processed Rate),Poultry & Meat,kg,525.0,False
2024-04-01,Chicken (Processed Rate),Poultry & Meat,kg,575.0,False
2024-04-08,Chicken (Processed Rate),Poultry & Meat,kg,507.0,False
2024-04-15,Chicken (Processed Rate),Poultry & Meat,kg,619.0,False
2024-04-22,Chicken (Processed Rate),Poultry & Meat,kg,597.0,False
2024-04-29,Chicken (Processed Rate),Poultry & Meat,kg,602.0,False
2024-05-06,Chicken (Processed Rate),Poultry & Meat,kg,631.0,False
2024-05-13,Chicken (Processed Rate),Poultry & Meat,kg,478.0,False
2024-05-20,Chicken (Processed Rate),Poultry & Meat,kg,627.0,False
2024-05-27,Chicken (Processed Rate),Poultry & Meat,kg,574.0,False
2024-06-03,Chicken (Processed Rate),Poultry & Meat,kg,639.0,False
2024-06-10,Chicken (Processed Rate),Poultry & Meat,kg,549.0,False
2024-06-17,Chicken (Processed Rate),Poultry & Meat,kg,521.0,False
2024-06-24,Chicken (Processed Rate),Poultry & Meat,kg,550.0,False
2024-07-01,Chicken (Processed Rate),Poultry & Meat,kg,555.0,False
2024-07-08,Chicken (Processed Rate),Poultry & Meat,kg,532.0,False
2024-07-15,Chicken (Processed Rate),Poultry & Meat,kg,583.0,False
2024-07-22,Chicken (Processed Rate),Poultry & Meat,kg,498.0,False
2024-07-29,Chicken (Processed Rate),Poultry & Meat,kg,535.0,False
2024-08-05,Chicken (Processed Rate),Poultry & Meat,kg,508.0,False
2024-08-12,Chicken (Processed Rate),Poultry & Meat,kg,499.0,False
2024-08-19,Chicken (Processed Rate),Poultry & Meat,kg,431.0,False
2024-08-26,Chicken (Processed Rate),Poultry & Meat,kg,542.0,False
2024-09-02,Chicken (Processed Rate),Poultry & Meat,kg,521.0,False
2024-09-09,Chicken (Processed Rate),Poultry & Meat,kg,444.0,False
2024-09-16,Chicken (Processed Rate),Poultry & Meat,kg,424.0,False
2024-09-23,Chicken (Processed Rate),Poultry & Meat,kg,426.0,False
2024-09-30,Chicken (Processed Rate),Poultry & Meat,kg,422.0,False
2024-10-07,Chicken (Processed Rate),Poultry & Meat,kg,448.0,False
2024-10-14,Chicken (Processed Rate),Poultry & Meat,kg,355.0,False
2024-10-21,Chicken (Processed Rate),Poultry & Meat,kg,515.0,False
2024-10-28,Chicken (Processed Rate),Poultry & Meat,kg,453.0,False
2024-11-04,Chicken (Processed Rate),Poultry & Meat,kg,532.0,False
2024-11-11,Chicken (Processed Rate),Poultry & Meat,kg,517.0,False
2024-11-18,Chicken (Processed Rate),Poultry & Meat,kg,471.0,False
2024-11-25,Chicken (Processed Rate),Poultry & Meat,kg,543.0,False
2024-12-02,Chicken (Processed Rate),Poultry & Meat,kg,538.0,False
2024-12-09,Chicken (Processed Rate),Poultry & Meat,kg,454.0,False
2024-12-16,Chicken (Processed Rate),Poultry & Meat,kg,558.0,False
2024-12-23,Chicken (Processed Rate),Poultry & Meat,kg,519.0,False
2024-12-30,Chicken (Processed Rate),Poultry & Meat,kg,583.0,False
2025-01-06,Chicken (Processed Rate),Poultry & Meat,kg,534.0,False
2025-01-13,Chicken (Processed Rate),Poultry & Meat,kg,679.0,False
2025-01-20,Chicken (Processed Rate),Poultry & Meat,kg,542.0,False
2025-01-27,Chicken (Processed Rate),Poultry & Meat,kg,574.0,False
2025-02-03,Chicken (Processed Rate),Poultry & Meat,kg,520.0,False
2025-02-10,Chicken (Processed Rate),Poultry & Meat,kg,673.0,False
2025-02-17,Chicken (Processed Rate),Poultry & Meat,kg,551.0,False
2025-02-24,Chicken (Processed Rate),Poultry & Meat,kg,567.0,False
2025-03-03,Chicken (Processed Rate),Poultry & Meat,kg,625.0,False
2025-03-10,Chicken (Processed Rate),Poultry & Meat,kg,698.0,False
2025-03-17,Chicken (Processed Rate),Poultry & Meat,kg,673.0,False
2025-03-24,Chicken (Processed Rate),Poultry & Meat,kg,705.0,False
2025-03-31,Chicken (Processed Rate),Poultry & Meat,kg,663.0,False
2025-04-07,Chicken (Processed Rate),Poultry & Meat,kg,684.0,False
2025-04-14,Chicken (Processed Rate),Poultry & Meat,kg,757.0,False
2025-04-21,Chicken (Processed Rate),Poultry & Meat,kg,723.0,False
2025-04-28,Chicken (Processed Rate),Poultry & Meat,kg,684.0,False
2025-05-05,Chicken (Processed Rate),Poultry & Meat,kg,629.0,False
2025-05-12,Chicken (Processed Rate),Poultry & Meat,kg,717.0,False
2025-05-19,Chicken (Processed Rate),Poultry & Meat,kg,657.0,False
2025-05-26,Chicken (Processed Rate),Poultry & Meat,kg,592.0,False
2025-06-02,Chicken (Processed Rate),Poultry & Meat,kg,757.0,False
2025-06-09,Chicken (Processed Rate),Poultry & Meat,kg,689.0,False
2025-06-16,Chicken (Processed Rate),Poultry & Meat,kg,697.0,False
2025-06-23,Chicken (Processed Rate),Poultry & Meat,kg,660.0,False
2025-06-30,Chicken (Processed Rate),Poultry & Meat,kg,652.0,False
2025-07-07,Chicken (Processed Rate),Poultry & Meat,kg,640.0,False
2025-07-14,Chicken (Processed Rate),Poultry & Meat,kg,614.0,False
2025-07-21,Chicken (Processed Rate),Poultry & Meat,kg,572.0,False
2025-07-28,Chicken (Processed Rate),Poultry & Meat,kg,671.0,False
2025-08-04,Chicken (Processed Rate),Poultry & Meat,kg,593.0,False
2025-08-11,Chicken (Processed Rate),Poultry & Meat,kg,575.0,False
2025-08-18,Chicken (Processed Rate),Poultry & Meat,kg,579.0,False
2025-08-25,Chicken (Processed Rate),Poultry & Meat,kg,562.0,False
2025-09-01,Chicken (Processed Rate),Poultry & Meat,kg,599.0,False
2025-09-08,Chicken (Processed Rate),Poultry & Meat,kg,574.0,False
2025-09-15,Chicken (Processed Rate),Poultry & Meat,kg,529.0,False
2025-09-22,Chicken (Processed Rate),Poultry & Meat,kg,439.0,False
2025-09-29,Chicken (Processed Rate),Poultry & Meat,kg,596.0,False
2025-10-06,Chicken (Processed Rate),Poultry & Meat,kg,555.0,False
2025-10-13,Chicken (Processed Rate),Poultry & Meat,kg,572.0,False
2025-10-20,Chicken (Processed Rate),Poultry & Meat,kg,552.0,False
2025-10-27,Chicken (Processed Rate),Poultry & Meat,kg,546.0,False
2025-11-03,Chicken (Processed Rate),Poultry & Meat,kg,574.0,False
2025-11-10,Chicken (Processed Rate),Poultry & Meat,kg,620.0,False
2025-11-17,Chicken (Processed Rate),Poultry & Meat,kg,562.0,False
2025-11-24,Chicken (Processed Rate),Poultry & Meat,kg,588.0,False
2025-12-01,Chicken (Processed Rate),Poultry & Meat,kg,558.0,False
2025-12-08,Chicken (Processed Rate),Poultry & Meat,kg,571.0,False
2025-12-15,Chicken (Processed Rate),Poultry & Meat,kg,671.0,False
2025-12-22,Chicken (Processed Rate),Poultry & Meat,kg,638.0,False
2025-12-29,Chicken (Processed Rate),Poultry & Meat,kg,646.0,False
2026-01-05,Chicken (Processed Rate),Poultry & Meat,kg,624.0,False
2026-01-12,Chicken (Processed Rate),Poultry & Meat,kg,702.0,False
2026-01-19,Chicken (Processed Rate),Poultry & Meat,kg,643.0,False
2026-01-26,Chicken (Processed Rate),Poultry & Meat,kg,804.0,False
2026-02-02,Chicken (Processed Rate),Poultry & Meat,kg,710.0,False
2026-02-09,Chicken (Processed Rate),Poultry & Meat,kg,711.0,False
2026-02-16,Chicken (Processed Rate),Poultry & Meat,kg,665.0,False
2026-02-23,Chicken (Processed Rate),Poultry & Meat,kg,730.0,False
2026-03-02,Chicken (Processed Rate),Poultry & Meat,kg,858.0,False
2026-03-09,Chicken (Processed Rate),Poultry & Meat,kg,888.0,False
2026-03-16,Chicken (Processed Rate),Poultry & Meat,kg,921.0,False
2026-03-23,Chicken (Processed Rate),Poultry & Meat,kg,759.0,False
2026-03-30,Chicken (Processed Rate),Poultry & Meat,kg,761.0,False
2026-04-06,Chicken (Processed Rate),Poultry & Meat,kg,712.0,False
2026-04-13,Chicken (Processed Rate),Poultry & Meat,kg,742.0,False
2026-04-20,Chicken (Processed Rate),Poultry & Meat,kg,714.0,False
2026-04-27,Chicken (Processed Rate),Poultry & Meat,kg,782.0,False
2026-05-04,Chicken (Processed Rate),Poultry & Meat,kg,862.0,False
2026-05-11,Chicken (Processed Rate),Poultry & Meat,kg,692.0,False
2026-05-18,Chicken (Processed Rate),Poultry & Meat,kg,753.0,False
2026-05-25,Chicken (Processed Rate),Poultry & Meat,kg,834.0,False
2026-06-01,Chicken (Processed Rate),Poultry & Meat,kg,770.0,False
2026-06-08,Chicken (Processed Rate),Poultry & Meat,kg,743.0,False
2026-06-15,Chicken (Processed Rate),Poultry & Meat,kg,773.0,False
2026-06-22,Chicken (Processed Rate),Poultry & Meat,kg,769.0,False
2026-06-29,Chicken (Processed Rate),Poultry & Meat,kg,700.0,False
2026-07-06,Chicken (Processed Rate),Poultry & Meat,kg,760.0,False
2026-07-13,Chicken (Processed Rate),Poultry & Meat,kg,679.0,False
2026-07-20,Chicken (Processed Rate),Poultry & Meat,kg,713.0,False
2026-07-27,Chicken (Processed Rate),Poultry & Meat,kg,655.0,False
2026-08-03,Chicken (Processed Rate),Poultry & Meat,kg,658.0,False
2023-08-14,Cucumber,Vegetables,kg,71.0,False
2023-08-21,Cucumber,Vegetables,kg,84.0,False
2023-08-28,Cucumber,Vegetables,kg,81.0,False
2023-09-04,Cucumber,Vegetables,kg,76.0,False
2023-09-11,Cucumber,Vegetables,kg,63.0,False
2023-09-18,Cucumber,Vegetables,kg,66.0,False
2023-09-25,Cucumber,Vegetables,kg,62.0,False
2023-10-02,Cucumber,Vegetables,kg,67.0,False
2023-10-09,Cucumber,Vegetables,kg,61.0,False
2023-10-16,Cucumber,Vegetables,kg,63.0,False
2023-10-23,Cucumber,Vegetables,kg,61.0,False
2023-10-30,Cucumber,Vegetables,kg,54.0,False
2023-11-06,Cucumber,Vegetables,kg,54.0,False
2023-11-13,Cucumber,Vegetables,kg,55.0,False
2023-11-20,Cucumber,Vegetables,kg,67.0,False
2023-11-27,Cucumber,Vegetables,kg,51.0,False
2023-12-04,Cucumber,Vegetables,kg,69.0,False
2023-12-11,Cucumber,Vegetables,kg,51.0,False
2023-12-18,Cucumber,Vegetables,kg,61.0,False
2023-12-25,Cucumber,Vegetables,kg,49.0,False
2024-01-01,Cucumber,Vegetables,kg,57.0,False
2024-01-08,Cucumber,Vegetables,kg,53.0,False
2024-01-15,Cucumber,Vegetables,kg,63.0,False
2024-01-22,Cucumber,Vegetables,kg,63.0,False
2024-01-29,Cucumber,Vegetables,kg,66.0,False
2024-02-05,Cucumber,Vegetables,kg,66.0,False
2024-02-12,Cucumber,Vegetables,kg,65.0,False
2024-02-19,Cucumber,Vegetables,kg,66.0,False
2024-02-26,Cucumber,Vegetables,kg,74.0,False
2024-03-04,Cucumber,Vegetables,kg,76.0,False
2024-03-11,Cucumber,Vegetables,kg,73.0,False
2024-03-18,Cucumber,Vegetables,kg,76.0,False
2024-03-25,Cucumber,Vegetables,kg,87.0,False
2024-04-01,Cucumber,Vegetables,kg,93.0,False
2024-04-08,Cucumber,Vegetables,kg,87.0,False
2024-04-15,Cucumber,Vegetables,kg,93.0,False
2024-04-22,Cucumber,Vegetables,kg,89.0,False
2024-04-29,Cucumber,Vegetables,kg,93.0,False
2024-05-06,Cucumber,Vegetables,kg,99.0,False
2024-05-13,Cucumber,Vegetables,kg,94.0,False
2024-05-20,Cucumber,Vegetables,kg,93.0,False
2024-05-27,Cucumber,Vegetables,kg,93.0,False
2024-06-03,Cucumber,Vegetables,kg,101.0,False
2024-06-10,Cucumber,Vegetables,kg,82.0,False
2024-06-17,Cucumber,Vegetables,kg,104.0,False
2024-06-24,Cucumber,Vegetables,kg,97.0,False
2024-07-01,Cucumber,Vegetables,kg,100.0,False
2024-07-08,Cucumber,Vegetables,kg,79.0,False
2024-07-15,Cucumber,Vegetables,kg,84.0,False
2024-07-22,Cucumber,Vegetables,kg,90.0,False
2024-07-29,Cucumber,Vegetables,kg,92.0,False
2024-08-05,Cucumber,Vegetables,kg,118.0,False
2024-08-12,Cucumber,Vegetables,kg,87.0,False
2024-08-19,Cucumber,Vegetables,kg,94.0,False
2024-08-26,Cucumber,Vegetables,kg,85.0,False
2024-09-02,Cucumber,Vegetables,kg,97.0,False
2024-09-09,Cucumber,Vegetables,kg,89.0,False
2024-09-16,Cucumber,Vegetables,kg,77.0,False
2024-09-23,Cucumber,Vegetables,kg,78.0,False
2024-09-30,Cucumber,Vegetables,kg,86.0,False
2024-10-07,Cucumber,Vegetables,kg,72.0,False
2024-10-14,Cucumber,Vegetables,kg,72.0,False
2024-10-21,Cucumber,Vegetables,kg,82.0,False
2024-10-28,Cucumber,Vegetables,kg,79.0,False
2024-11-04,Cucumber,Vegetables,kg,76.0,False
2024-11-11,Cucumber,Vegetables,kg,65.0,False
2024-11-18,Cucumber,Vegetables,kg,68.0,False
2024-11-25,Cucumber,Vegetables,kg,65.0,False
2024-12-02,Cucumber,Vegetables,kg,72.0,False
2024-12-09,Cucumber,Vegetables,kg,74.0,False
2024-12-16,Cucumber,Vegetables,kg,69.0,False
2024-12-23,Cucumber,Vegetables,kg,70.0,False
2024-12-30,Cucumber,Vegetables,kg,60.0,False
2025-01-06,Cucumber,Vegetables,kg,62.0,False
2025-01-13,Cucumber,Vegetables,kg,67.0,False
2025-01-20,Cucumber,Vegetables,kg,72.0,False
2025-01-27,Cucumber,Vegetables,kg,72.0,False
2025-02-03,Cucumber,Vegetables,kg,78.0,False
2025-02-10,Cucumber,Vegetables,kg,75.0,False
2025-02-17,Cucumber,Vegetables,kg,72.0,False
2025-02-24,Cucumber,Vegetables,kg,91.0,False
2025-03-03,Cucumber,Vegetables,kg,88.0,False
2025-03-10,Cucumber,Vegetables,kg,96.0,False
2025-03-17,Cucumber,Vegetables,kg,86.0,False
2025-03-24,Cucumber,Vegetables,kg,97.0,False
2025-03-31,Cucumber,Vegetables,kg,84.0,False
2025-04-07,Cucumber,Vegetables,kg,108.0,False
2025-04-14,Cucumber,Vegetables,kg,108.0,False
2025-04-21,Cucumber,Vegetables,kg,106.0,False
2025-04-28,Cucumber,Vegetables,kg,110.0,False
2025-05-05,Cucumber,Vegetables,kg,112.0,False
2025-05-12,Cucumber,Vegetables,kg,108.0,False
2025-05-19,Cucumber,Vegetables,kg,104.0,False
2025-05-26,Cucumber,Vegetables,kg,123.0,False
2025-06-02,Cucumber,Vegetables,kg,117.0,False
2025-06-09,Cucumber,Vegetables,kg,104.0,False
2025-06-16,Cucumber,Vegetables,kg,123.0,False
2025-06-23,Cucumber,Vegetables,kg,117.0,False
2025-06-30,Cucumber,Vegetables,kg,119.0,False
2025-07-07,Cucumber,Vegetables,kg,135.0,False
2025-07-14,Cucumber,Vegetables,kg,100.0,False
2025-07-21,Cucumber,Vegetables,kg,106.0,False
2025-07-28,Cucumber,Vegetables,kg,118.0,False
2025-08-04,Cucumber,Vegetables,kg,113.0,False
2025-08-11,Cucumber,Vegetables,kg,114.0,False
2025-08-18,Cucumber,Vegetables,kg,119.0,False
2025-08-25,Cucumber,Vegetables,kg,120.0,False
2025-09-01,Cucumber,Vegetables,kg,87.0,False
2025-09-08,Cucumber,Vegetables,kg,98.0,False
2025-09-15,Cucumber,Vegetables,kg,95.0,False
2025-09-22,Cucumber,Vegetables,kg,97.0,False
2025-09-29,Cucumber,Vegetables,kg,86.0,False
2025-10-06,Cucumber,Vegetables,kg,89.0,False
2025-10-13,Cucumber,Vegetables,kg,79.0,False
2025-10-20,Cucumber,Vegetables,kg,85.0,False
2025-10-27,Cucumber,Vegetables,kg,76.0,False
2025-11-03,Cucumber,Vegetables,kg,84.0,False
2025-11-10,Cucumber,Vegetables,kg,86.0,False
2025-11-17,Cucumber,Vegetables,kg,92.0,False
2025-11-24,Cucumber,Vegetables,kg,79.0,False
2025-12-01,Cucumber,Vegetables,kg,81.0,False
2025-12-08,Cucumber,Vegetables,kg,69.0,False
2025-12-15,Cucumber,Vegetables,kg,86.0,False
2025-12-22,Cucumber,Vegetables,kg,83.0,False
2025-12-29,Cucumber,Vegetables,kg,85.0,False
2026-01-05,Cucumber,Vegetables,kg,87.0,False
2026-01-12,Cucumber,Vegetables,kg,89.0,False
2026-01-19,Cucumber,Vegetables,kg,80.0,False
2026-01-26,Cucumber,Vegetables,kg,87.0,False
2026-02-02,Cucumber,Vegetables,kg,98.0,False
2026-02-09,Cucumber,Vegetables,kg,96.0,False
2026-02-16,Cucumber,Vegetables,kg,92.0,False
2026-02-23,Cucumber,Vegetables,kg,102.0,False
2026-03-02,Cucumber,Vegetables,kg,100.0,False
2026-03-09,Cucumber,Vegetables,kg,105.0,False
2026-03-16,Cucumber,Vegetables,kg,95.0,False
2026-03-23,Cucumber,Vegetables,kg,113.0,False
2026-03-30,Cucumber,Vegetables,kg,108.0,False
2026-04-06,Cucumber,Vegetables,kg,120.0,False
2026-04-13,Cucumber,Vegetables,kg,127.0,False
2026-04-20,Cucumber,Vegetables,kg,109.0,False
2026-04-27,Cucumber,Vegetables,kg,124.0,False
2026-05-04,Cucumber,Vegetables,kg,123.0,False
2026-05-11,Cucumber,Vegetables,kg,148.0,False
2026-05-18,Cucumber,Vegetables,kg,144.0,False
2026-05-25,Cucumber,Vegetables,kg,149.0,False
2026-06-01,Cucumber,Vegetables,kg,147.0,False
2026-06-08,Cucumber,Vegetables,kg,152.0,False
2026-06-15,Cucumber,Vegetables,kg,143.0,False
2026-06-22,Cucumber,Vegetables,kg,132.0,False
2026-06-29,Cucumber,Vegetables,kg,148.0,False
2026-07-06,Cucumber,Vegetables,kg,141.0,False
2026-07-13,Cucumber,Vegetables,kg,132.0,False
2026-07-20,Cucumber,Vegetables,kg,141.0,False
2026-07-27,Cucumber,Vegetables,kg,134.0,False
2026-08-03,Cucumber,Vegetables,kg,130.0,False
2023-08-14,Eggs,Dairy,dozen,276.0,False
2023-08-21,Eggs,Dairy,dozen,266.0,False
2023-08-28,Eggs,Dairy,dozen,313.0,False
2023-09-04,Eggs,Dairy,dozen,281.0,False
2023-09-11,Eggs,Dairy,dozen,293.0,False
2023-09-18,Eggs,Dairy,dozen,308.0,False
2023-09-25,Eggs,Dairy,dozen,289.0,False
2023-10-02,Eggs,Dairy,dozen,309.0,False
2023-10-09,Eggs,Dairy,dozen,333.0,False
2023-10-16,Eggs,Dairy,dozen,306.0,False
2023-10-23,Eggs,Dairy,dozen,309.0,False
2023-10-30,Eggs,Dairy,dozen,314.0,False
2023-11-06,Eggs,Dairy,dozen,330.0,False
2023-11-13,Eggs,Dairy,dozen,329.0,False
2023-11-20,Eggs,Dairy,dozen,307.0,False
2023-11-27,Eggs,Dairy,dozen,347.0,False
2023-12-04,Eggs,Dairy,dozen,373.0,False
2023-12-11,Eggs,Dairy,dozen,328.0,False
2023-12-18,Eggs,Dairy,dozen,368.0,False
2023-12-25,Eggs,Dairy,dozen,341.0,False
2024-01-01,Eggs,Dairy,dozen,365.0,False
2024-01-08,Eggs,Dairy,dozen,341.0,False
2024-01-15,Eggs,Dairy,dozen,364.0,False
2024-01-22,Eggs,Dairy,dozen,361.0,False
2024-01-29,Eggs,Dairy,dozen,337.0,False
2024-02-05,Eggs,Dairy,dozen,356.0,False
2024-02-12,Eggs,Dairy,dozen,339.0,False
2024-02-19,Eggs,Dairy,dozen,367.0,False
2024-02-26,Eggs,Dairy,dozen,341.0,False
2024-03-04,Eggs,Dairy,dozen,348.0,False
2024-03-11,Eggs,Dairy,dozen,367.0,False
2024-03-18,Eggs,Dairy,dozen,347.0,False
2024-03-25,Eggs,Dairy,dozen,351.0,False
2024-04-01,Eggs,Dairy,dozen,363.0,False
2024-04-08,Eggs,Dairy,dozen,333.0,False
2024-04-15,Eggs,Dairy,dozen,342.0,False
2024-04-22,Eggs,Dairy,dozen,340.0,False
2024-04-29,Eggs,Dairy,dozen,325.0,False
2024-05-06,Eggs,Dairy,dozen,336.0,False
2024-05-13,Eggs,Dairy,dozen,303.0,False
2024-05-20,Eggs,Dairy,dozen,317.0,False
2024-05-27,Eggs,Dairy,dozen,315.0,False
2024-06-03,Eggs,Dairy,dozen,336.0,False
2024-06-10,Eggs,Dairy,dozen,313.0,False
2024-06-17,Eggs,Dairy,dozen,297.0,False
2024-06-24,Eggs,Dairy,dozen,292.0,False
2024-07-01,Eggs,Dairy,dozen,313.0,False
2024-07-08,Eggs,Dairy,dozen,321.0,False
2024-07-15,Eggs,Dairy,dozen,339.0,False
2024-07-22,Eggs,Dairy,dozen,305.0,False
2024-07-29,Eggs,Dairy,dozen,325.0,False
2024-08-05,Eggs,Dairy,dozen,327.0,False
2024-08-12,Eggs,Dairy,dozen,313.0,False
2024-08-19,Eggs,Dairy,dozen,314.0,False
2024-08-26,Eggs,Dairy,dozen,341.0,False
2024-09-02,Eggs,Dairy,dozen,355.0,False
2024-09-09,Eggs,Dairy,dozen,362.0,False
2024-09-16,Eggs,Dairy,dozen,356.0,False
2024-09-23,Eggs,Dairy,dozen,344.0,False
2024-09-30,Eggs,Dairy,dozen,345.0,False
2024-10-07,Eggs,Dairy,dozen,354.0,False
2024-10-14,Eggs,Dairy,dozen,340.0,False
2024-10-21,Eggs,Dairy,dozen,371.0,False
2024-10-28,Eggs,Dairy,dozen,363.0,False
2024-11-04,Eggs,Dairy,dozen,391.0,False
2024-11-11,Eggs,Dairy,dozen,370.0,False
2024-11-18,Eggs,Dairy,dozen,410.0,False
2024-11-25,Eggs,Dairy,dozen,399.0,False
2024-12-02,Eggs,Dairy,dozen,423.0,False
2024-12-09,Eggs,Dairy,dozen,396.0,False
2024-12-16,Eggs,Dairy,dozen,396.0,False
2024-12-23,Eggs,Dairy,dozen,425.0,False
2024-12-30,Eggs,Dairy,dozen,430.0,False
2025-01-06,Eggs,Dairy,dozen,387.0,False
2025-01-13,Eggs,Dairy,dozen,434.0,False
2025-01-20,Eggs,Dairy,dozen,412.0,False
2025-01-27,Eggs,Dairy,dozen,406.0,False
2025-02-03,Eggs,Dairy,dozen,408.0,False
2025-02-10,Eggs,Dairy,dozen,422.0,False
2025-02-17,Eggs,Dairy,dozen,414.0,False
2025-02-24,Eggs,Dairy,dozen,400.0,False
2025-03-03,Eggs,Dairy,dozen,411.0,False
2025-03-10,Eggs,Dairy,dozen,403.0,False
2025-03-17,Eggs,Dairy,dozen,419.0,False
2025-03-24,Eggs,Dairy,dozen,382.0,False
2025-03-31,Eggs,Dairy,dozen,382.0,False
2025-04-07,Eggs,Dairy,dozen,411.0,False
2025-04-14,Eggs,Dairy,dozen,388.0,False
2025-04-21,Eggs,Dairy,dozen,400.0,False
2025-04-28,Eggs,Dairy,dozen,386.0,False
2025-05-05,Eggs,Dairy,dozen,407.0,False
2025-05-12,Eggs,Dairy,dozen,387.0,False
2025-05-19,Eggs,Dairy,dozen,379.0,False
2025-05-26,Eggs,Dairy,dozen,379.0,False
2025-06-02,Eggs,Dairy,dozen,393.0,False
2025-06-09,Eggs,Dairy,dozen,382.0,False
2025-06-16,Eggs,Dairy,dozen,350.0,False
2025-06-23,Eggs,Dairy,dozen,386.0,False
2025-06-30,Eggs,Dairy,dozen,369.0,False
2025-07-07,Eggs,Dairy,dozen,352.0,False
2025-07-14,Eggs,Dairy,dozen,374.0,False
2025-07-21,Eggs,Dairy,dozen,390.0,False
2025-07-28,Eggs,Dairy,dozen,365.0,False
2025-08-04,Eggs,Dairy,dozen,362.0,False
2025-08-11,Eggs,Dairy,dozen,388.0,False
2025-08-18,Eggs,Dairy,dozen,353.0,False
2025-08-25,Eggs,Dairy,dozen,371.0,False
2025-09-01,Eggs,Dairy,dozen,394.0,False
2025-09-08,Eggs,Dairy,dozen,381.0,False
2025-09-15,Eggs,Dairy,dozen,399.0,False
2025-09-22,Eggs,Dairy,dozen,415.0,False
2025-09-29,Eggs,Dairy,dozen,406.0,False
2025-10-06,Eggs,Dairy,dozen,458.0,False
2025-10-13,Eggs,Dairy,dozen,402.0,False
2025-10-20,Eggs,Dairy,dozen,428.0,False
2025-10-27,Eggs,Dairy,dozen,434.0,False
2025-11-03,Eggs,Dairy,dozen,442.0,False
2025-11-10,Eggs,Dairy,dozen,434.0,False
2025-11-17,Eggs,Dairy,dozen,448.0,False
2025-11-24,Eggs,Dairy,dozen,519.0,False
2025-12-01,Eggs,Dairy,dozen,478.0,False
2025-12-08,Eggs,Dairy,dozen,518.0,False
2025-12-15,Eggs,Dairy,dozen,501.0,False
2025-12-22,Eggs,Dairy,dozen,473.0,False
2025-12-29,Eggs,Dairy,dozen,498.0,False
2026-01-05,Eggs,Dairy,dozen,516.0,False
2026-01-12,Eggs,Dairy,dozen,504.0,False
2026-01-19,Eggs,Dairy,dozen,471.0,False
2026-01-26,Eggs,Dairy,dozen,505.0,False
2026-02-02,Eggs,Dairy,dozen,477.0,False
2026-02-09,Eggs,Dairy,dozen,516.0,False
2026-02-16,Eggs,Dairy,dozen,468.0,False
2026-02-23,Eggs,Dairy,dozen,482.0,False
2026-03-02,Eggs,Dairy,dozen,489.0,False
2026-03-09,Eggs,Dairy,dozen,498.0,False
2026-03-16,Eggs,Dairy,dozen,478.0,False
2026-03-23,Eggs,Dairy,dozen,467.0,False
2026-03-30,Eggs,Dairy,dozen,479.0,False
2026-04-06,Eggs,Dairy,dozen,458.0,False
2026-04-13,Eggs,Dairy,dozen,459.0,False
2026-04-20,Eggs,Dairy,dozen,468.0,False
2026-04-27,Eggs,Dairy,dozen,483.0,False
2026-05-04,Eggs,Dairy,dozen,448.0,False
2026-05-11,Eggs,Dairy,dozen,442.0,False
2026-05-18,Eggs,Dairy,dozen,454.0,False
2026-05-25,Eggs,Dairy,dozen,445.0,False
2026-06-01,Eggs,Dairy,dozen,452.0,False
2026-06-08,Eggs,Dairy,dozen,467.0,False
2026-06-15,Eggs,Dairy,dozen,434.0,False
2026-06-22,Eggs,Dairy,dozen,434.0,False
2026-06-29,Eggs,Dairy,dozen,412.0,False
2026-07-06,Eggs,Dairy,dozen,466.0,False
2026-07-13,Eggs,Dairy,dozen,443.0,False
2026-07-20,Eggs,Dairy,dozen,447.0,False
2026-07-27,Eggs,Dairy,dozen,455.0,False
2026-08-03,Eggs,Dairy,dozen,424.0,False
2023-08-14,Garlic,Vegetables,kg,491.0,False
2023-08-21,Garlic,Vegetables,kg,435.0,False
2023-08-28,Garlic,Vegetables,kg,494.0,False
2023-09-04,Garlic,Vegetables,kg,474.0,False
2023-09-11,Garlic,Vegetables,kg,1014.0,True
2023-09-18,Garlic,Vegetables,kg,1047.0,True
2023-09-25,Garlic,Vegetables,kg,1036.0,True
2023-10-02,Garlic,Vegetables,kg,1078.0,True
2023-10-09,Garlic,Vegetables,kg,485.0,True
2023-10-16,Garlic,Vegetables,kg,490.0,False
2023-10-23,Garlic,Vegetables,kg,406.0,False
2023-10-30,Garlic,Vegetables,kg,501.0,False
2023-11-06,Garlic,Vegetables,kg,433.0,False
2023-11-13,Garlic,Vegetables,kg,438.0,False
2023-11-20,Garlic,Vegetables,kg,465.0,False
2023-11-27,Garlic,Vegetables,kg,398.0,False
2023-12-04,Garlic,Vegetables,kg,445.0,False
2023-12-11,Garlic,Vegetables,kg,454.0,False
2023-12-18,Garlic,Vegetables,kg,371.0,False
2023-12-25,Garlic,Vegetables,kg,459.0,False
2024-01-01,Garlic,Vegetables,kg,396.0,False
2024-01-08,Garlic,Vegetables,kg,405.0,False
2024-01-15,Garlic,Vegetables,kg,385.0,False
2024-01-22,Garlic,Vegetables,kg,435.0,False
2024-01-29,Garlic,Vegetables,kg,341.0,False
2024-02-05,Garlic,Vegetables,kg,379.0,False
2024-02-12,Garlic,Vegetables,kg,343.0,False
2024-02-19,Garlic,Vegetables,kg,389.0,False
2024-02-26,Garlic,Vegetables,kg,388.0,False
2024-03-04,Garlic,Vegetables,kg,349.0,False
2024-03-11,Garlic,Vegetables,kg,389.0,False
2024-03-18,Garlic,Vegetables,kg,375.0,False
2024-03-25,Garlic,Vegetables,kg,403.0,False
2024-04-01,Garlic,Vegetables,kg,382.0,False
2024-04-08,Garlic,Vegetables,kg,392.0,False
2024-04-15,Garlic,Vegetables,kg,365.0,False
2024-04-22,Garlic,Vegetables,kg,329.0,False
2024-04-29,Garlic,Vegetables,kg,425.0,False
2024-05-06,Garlic,Vegetables,kg,409.0,False
2024-05-13,Garlic,Vegetables,kg,426.0,False
2024-05-20,Garlic,Vegetables,kg,433.0,False
2024-05-27,Garlic,Vegetables,kg,451.0,False
2024-06-03,Garlic,Vegetables,kg,394.0,False
2024-06-10,Garlic,Vegetables,kg,513.0,False
2024-06-17,Garlic,Vegetables,kg,475.0,False
2024-06-24,Garlic,Vegetables,kg,498.0,False
2024-07-01,Garlic,Vegetables,kg,513.0,False
2024-07-08,Garlic,Vegetables,kg,524.0,False
2024-07-15,Garlic,Vegetables,kg,524.0,False
2024-07-22,Garlic,Vegetables,kg,515.0,False
2024-07-29,Garlic,Vegetables,kg,524.0,False
2024-08-05,Garlic,Vegetables,kg,1698.0,True
2024-08-12,Garlic,Vegetables,kg,1654.0,True
2024-08-19,Garlic,Vegetables,kg,1546.0,True
2024-08-26,Garlic,Vegetables,kg,1503.0,True
2024-09-02,Garlic,Vegetables,kg,522.0,True
2024-09-09,Garlic,Vegetables,kg,526.0,False
2024-09-16,Garlic,Vegetables,kg,562.0,False
2024-09-23,Garlic,Vegetables,kg,593.0,False
2024-09-30,Garlic,Vegetables,kg,589.0,False
2024-10-07,Garlic,Vegetables,kg,569.0,False
2024-10-14,Garlic,Vegetables,kg,603.0,False
2024-10-21,Garlic,Vegetables,kg,608.0,False
2024-10-28,Garlic,Vegetables,kg,491.0,False
2024-11-04,Garlic,Vegetables,kg,566.0,False
2024-11-11,Garlic,Vegetables,kg,522.0,False
2024-11-18,Garlic,Vegetables,kg,500.0,False
2024-11-25,Garlic,Vegetables,kg,519.0,False
2024-12-02,Garlic,Vegetables,kg,502.0,False
2024-12-09,Garlic,Vegetables,kg,548.0,False
2024-12-16,Garlic,Vegetables,kg,482.0,False
2024-12-23,Garlic,Vegetables,kg,515.0,False
2024-12-30,Garlic,Vegetables,kg,1144.0,True
2025-01-06,Garlic,Vegetables,kg,1113.0,True
2025-01-13,Garlic,Vegetables,kg,1043.0,True
2025-01-20,Garlic,Vegetables,kg,456.0,True
2025-01-27,Garlic,Vegetables,kg,517.0,False
2025-02-03,Garlic,Vegetables,kg,423.0,False
2025-02-10,Garlic,Vegetables,kg,437.0,False
2025-02-17,Garlic,Vegetables,kg,453.0,False
2025-02-24,Garlic,Vegetables,kg,445.0,False
2025-03-03,Garlic,Vegetables,kg,427.0,False
2025-03-10,Garlic,Vegetables,kg,438.0,False
2025-03-17,Garlic,Vegetables,kg,462.0,False
2025-03-24,Garlic,Vegetables,kg,423.0,False
2025-03-31,Garlic,Vegetables,kg,392.0,False
2025-04-07,Garlic,Vegetables,kg,452.0,False
2025-04-14,Garlic,Vegetables,kg,476.0,False
2025-04-21,Garlic,Vegetables,kg,441.0,False
2025-04-28,Garlic,Vegetables,kg,434.0,False
2025-05-05,Garlic,Vegetables,kg,499.0,False
2025-05-12,Garlic,Vegetables,kg,443.0,False
2025-05-19,Garlic,Vegetables,kg,514.0,False
2025-05-26,Garlic,Vegetables,kg,544.0,False
2025-06-02,Garlic,Vegetables,kg,512.0,False
2025-06-09,Garlic,Vegetables,kg,493.0,False
2025-06-16,Garlic,Vegetables,kg,720.0,True
2025-06-23,Garlic,Vegetables,kg,860.0,True
2025-06-30,Garlic,Vegetables,kg,971.0,True
2025-07-07,Garlic,Vegetables,kg,992.0,True
2025-07-14,Garlic,Vegetables,kg,1133.0,True
2025-07-21,Garlic,Vegetables,kg,530.0,True
2025-07-28,Garlic,Vegetables,kg,574.0,False
2025-08-04,Garlic,Vegetables,kg,562.0,False
2025-08-11,Garlic,Vegetables,kg,697.0,False
2025-08-18,Garlic,Vegetables,kg,664.0,False
2025-08-25,Garlic,Vegetables,kg,629.0,False
2025-09-01,Garlic,Vegetables,kg,647.0,False
2025-09-08,Garlic,Vegetables,kg,720.0,False
2025-09-15,Garlic,Vegetables,kg,704.0,False
2025-09-22,Garlic,Vegetables,kg,629.0,False
2025-09-29,Garlic,Vegetables,kg,636.0,False
2025-10-06,Garlic,Vegetables,kg,1592.0,True
2025-10-13,Garlic,Vegetables,kg,1288.0,True
2025-10-20,Garlic,Vegetables,kg,1047.0,True
2025-10-27,Garlic,Vegetables,kg,655.0,True
2025-11-03,Garlic,Vegetables,kg,576.0,False
2025-11-10,Garlic,Vegetables,kg,665.0,False
2025-11-17,Garlic,Vegetables,kg,671.0,False
2025-11-24,Garlic,Vegetables,kg,633.0,False
2025-12-01,Garlic,Vegetables,kg,575.0,False
2025-12-08,Garlic,Vegetables,kg,598.0,False
2025-12-15,Garlic,Vegetables,kg,588.0,False
2025-12-22,Garlic,Vegetables,kg,584.0,False
2025-12-29,Garlic,Vegetables,kg,550.0,False
2026-01-05,Garlic,Vegetables,kg,575.0,False
2026-01-12,Garlic,Vegetables,kg,531.0,False
2026-01-19,Garlic,Vegetables,kg,514.0,False
2026-01-26,Garlic,Vegetables,kg,516.0,False
2026-02-02,Garlic,Vegetables,kg,474.0,False
2026-02-09,Garlic,Vegetables,kg,520.0,False
2026-02-16,Garlic,Vegetables,kg,447.0,False
2026-02-23,Garlic,Vegetables,kg,564.0,False
2026-03-02,Garlic,Vegetables,kg,542.0,False
2026-03-09,Garlic,Vegetables,kg,522.0,False
2026-03-16,Garlic,Vegetables,kg,566.0,False
2026-03-23,Garlic,Vegetables,kg,591.0,False
2026-03-30,Garlic,Vegetables,kg,524.0,False
2026-04-06,Garlic,Vegetables,kg,515.0,False
2026-04-13,Garlic,Vegetables,kg,474.0,False
2026-04-20,Garlic,Vegetables,kg,546.0,False
2026-04-27,Garlic,Vegetables,kg,578.0,False
2026-05-04,Garlic,Vegetables,kg,1026.0,True
2026-05-11,Garlic,Vegetables,kg,1323.0,True
2026-05-18,Garlic,Vegetables,kg,1372.0,True
2026-05-25,Garlic,Vegetables,kg,845.0,True
2026-06-01,Garlic,Vegetables,kg,615.0,True
2026-06-08,Garlic,Vegetables,kg,645.0,False
2026-06-15,Garlic,Vegetables,kg,646.0,False
2026-06-22,Garlic,Vegetables,kg,730.0,False
2026-06-29,Garlic,Vegetables,kg,646.0,False
2026-07-06,Garlic,Vegetables,kg,672.0,False
2026-07-13,Garlic,Vegetables,kg,696.0,False
2026-07-20,Garlic,Vegetables,kg,704.0,False
2026-07-27,Garlic,Vegetables,kg,674.0,False
2026-08-03,Garlic,Vegetables,kg,686.0,False
2023-08-14,Ginger,Vegetables,kg,423.0,False
2023-08-21,Ginger,Vegetables,kg,415.0,False
2023-08-28,Ginger,Vegetables,kg,415.0,False
2023-09-04,Ginger,Vegetables,kg,414.0,False
2023-09-11,Ginger,Vegetables,kg,423.0,False
2023-09-18,Ginger,Vegetables,kg,431.0,False
2023-09-25,Ginger,Vegetables,kg,440.0,False
2023-10-02,Ginger,Vegetables,kg,378.0,False
2023-10-09,Ginger,Vegetables,kg,388.0,False
2023-10-16,Ginger,Vegetables,kg,397.0,False
2023-10-23,Ginger,Vegetables,kg,432.0,False
2023-10-30,Ginger,Vegetables,kg,374.0,False
2023-11-06,Ginger,Vegetables,kg,444.0,False
2023-11-13,Ginger,Vegetables,kg,421.0,False
2023-11-20,Ginger,Vegetables,kg,385.0,False
2023-11-27,Ginger,Vegetables,kg,348.0,False
2023-12-04,Ginger,Vegetables,kg,397.0,False
2023-12-11,Ginger,Vegetables,kg,346.0,False
2023-12-18,Ginger,Vegetables,kg,391.0,False
2023-12-25,Ginger,Vegetables,kg,347.0,False
2024-01-01,Ginger,Vegetables,kg,378.0,False
2024-01-08,Ginger,Vegetables,kg,362.0,False
2024-01-15,Ginger,Vegetables,kg,363.0,False
2024-01-22,Ginger,Vegetables,kg,347.0,False
2024-01-29,Ginger,Vegetables,kg,316.0,False
2024-02-05,Ginger,Vegetables,kg,296.0,False
2024-02-12,Ginger,Vegetables,kg,320.0,False
2024-02-19,Ginger,Vegetables,kg,343.0,False
2024-02-26,Ginger,Vegetables,kg,329.0,False
2024-03-04,Ginger,Vegetables,kg,337.0,False
2024-03-11,Ginger,Vegetables,kg,327.0,False
2024-03-18,Ginger,Vegetables,kg,321.0,False
2024-03-25,Ginger,Vegetables,kg,347.0,False
2024-04-01,Ginger,Vegetables,kg,316.0,False
2024-04-08,Ginger,Vegetables,kg,375.0,False
2024-04-15,Ginger,Vegetables,kg,332.0,False
2024-04-22,Ginger,Vegetables,kg,348.0,False
2024-04-29,Ginger,Vegetables,kg,354.0,False
2024-05-06,Ginger,Vegetables,kg,390.0,False
2024-05-13,Ginger,Vegetables,kg,334.0,False
2024-05-20,Ginger,Vegetables,kg,347.0,False
2024-05-27,Ginger,Vegetables,kg,376.0,False
2024-06-03,Ginger,Vegetables,kg,397.0,False
2024-06-10,Ginger,Vegetables,kg,387.0,False
2024-06-17,Ginger,Vegetables,kg,415.0,False
2024-06-24,Ginger,Vegetables,kg,423.0,False
2024-07-01,Ginger,Vegetables,kg,392.0,False
2024-07-08,Ginger,Vegetables,kg,409.0,False
2024-07-15,Ginger,Vegetables,kg,427.0,False
2024-07-22,Ginger,Vegetables,kg,409.0,False
2024-07-29,Ginger,Vegetables,kg,456.0,False
2024-08-05,Ginger,Vegetables,kg,494.0,False
2024-08-12,Ginger,Vegetables,kg,453.0,False
2024-08-19,Ginger,Vegetables,kg,530.0,False
2024-08-26,Ginger,Vegetables,kg,491.0,False
2024-09-02,Ginger,Vegetables,kg,421.0,False
2024-09-09,Ginger,Vegetables,kg,487.0,False
2024-09-16,Ginger,Vegetables,kg,481.0,False
2024-09-23,Ginger,Vegetables,kg,494.0,False
2024-09-30,Ginger,Vegetables,kg,485.0,False
2024-10-07,Ginger,Vegetables,kg,477.0,False
2024-10-14,Ginger,Vegetables,kg,424.0,False
2024-10-21,Ginger,Vegetables,kg,474.0,False
2024-10-28,Ginger,Vegetables,kg,425.0,False
2024-11-04,Ginger,Vegetables,kg,455.0,False
2024-11-11,Ginger,Vegetables,kg,429.0,False
2024-11-18,Ginger,Vegetables,kg,467.0,False
2024-11-25,Ginger,Vegetables,kg,419.0,False
2024-12-02,Ginger,Vegetables,kg,427.0,False
2024-12-09,Ginger,Vegetables,kg,442.0,False
2024-12-16,Ginger,Vegetables,kg,459.0,False
2024-12-23,Ginger,Vegetables,kg,400.0,False
2024-12-30,Ginger,Vegetables,kg,412.0,False
2025-01-06,Ginger,Vegetables,kg,411.0,False
2025-01-13,Ginger,Vegetables,kg,431.0,False
2025-01-20,Ginger,Vegetables,kg,362.0,False
2025-01-27,Ginger,Vegetables,kg,413.0,False
2025-02-03,Ginger,Vegetables,kg,374.0,False
2025-02-10,Ginger,Vegetables,kg,374.0,False
2025-02-17,Ginger,Vegetables,kg,410.0,False
2025-02-24,Ginger,Vegetables,kg,418.0,False
2025-03-03,Ginger,Vegetables,kg,391.0,False
2025-03-10,Ginger,Vegetables,kg,390.0,False
2025-03-17,Ginger,Vegetables,kg,426.0,False
2025-03-24,Ginger,Vegetables,kg,430.0,False
2025-03-31,Ginger,Vegetables,kg,394.0,False
2025-04-07,Ginger,Vegetables,kg,425.0,False
2025-04-14,Ginger,Vegetables,kg,365.0,False
2025-04-21,Ginger,Vegetables,kg,423.0,False
2025-04-28,Ginger,Vegetables,kg,410.0,False
2025-05-05,Ginger,Vegetables,kg,447.0,False
2025-05-12,Ginger,Vegetables,kg,410.0,False
2025-05-19,Ginger,Vegetables,kg,416.0,False
2025-05-26,Ginger,Vegetables,kg,415.0,False
2025-06-02,Ginger,Vegetables,kg,515.0,False
2025-06-09,Ginger,Vegetables,kg,503.0,False
2025-06-16,Ginger,Vegetables,kg,464.0,False
2025-06-23,Ginger,Vegetables,kg,495.0,False
2025-06-30,Ginger,Vegetables,kg,457.0,False
2025-07-07,Ginger,Vegetables,kg,483.0,False
2025-07-14,Ginger,Vegetables,kg,496.0,False
2025-07-21,Ginger,Vegetables,kg,497.0,False
2025-07-28,Ginger,Vegetables,kg,527.0,False
2025-08-04,Ginger,Vegetables,kg,564.0,False
2025-08-11,Ginger,Vegetables,kg,527.0,False
2025-08-18,Ginger,Vegetables,kg,564.0,False
2025-08-25,Ginger,Vegetables,kg,520.0,False
2025-09-01,Ginger,Vegetables,kg,522.0,False
2025-09-08,Ginger,Vegetables,kg,561.0,False
2025-09-15,Ginger,Vegetables,kg,567.0,False
2025-09-22,Ginger,Vegetables,kg,519.0,False
2025-09-29,Ginger,Vegetables,kg,551.0,False
2025-10-06,Ginger,Vegetables,kg,622.0,False
2025-10-13,Ginger,Vegetables,kg,468.0,False
2025-10-20,Ginger,Vegetables,kg,571.0,False
2025-10-27,Ginger,Vegetables,kg,537.0,False
2025-11-03,Ginger,Vegetables,kg,540.0,False
2025-11-10,Ginger,Vegetables,kg,585.0,False
2025-11-17,Ginger,Vegetables,kg,576.0,False
2025-11-24,Ginger,Vegetables,kg,593.0,False
2025-12-01,Ginger,Vegetables,kg,539.0,False
2025-12-08,Ginger,Vegetables,kg,562.0,False
2025-12-15,Ginger,Vegetables,kg,541.0,False
2025-12-22,Ginger,Vegetables,kg,551.0,False
2025-12-29,Ginger,Vegetables,kg,518.0,False
2026-01-05,Ginger,Vegetables,kg,428.0,False
2026-01-12,Ginger,Vegetables,kg,508.0,False
2026-01-19,Ginger,Vegetables,kg,431.0,False
2026-01-26,Ginger,Vegetables,kg,500.0,False
2026-02-02,Ginger,Vegetables,kg,494.0,False
2026-02-09,Ginger,Vegetables,kg,481.0,False
2026-02-16,Ginger,Vegetables,kg,474.0,False
2026-02-23,Ginger,Vegetables,kg,460.0,False
2026-03-02,Ginger,Vegetables,kg,442.0,False
2026-03-09,Ginger,Vegetables,kg,472.0,False
2026-03-16,Ginger,Vegetables,kg,449.0,False
2026-03-23,Ginger,Vegetables,kg,478.0,False
2026-03-30,Ginger,Vegetables,kg,448.0,False
2026-04-06,Ginger,Vegetables,kg,484.0,False
2026-04-13,Ginger,Vegetables,kg,483.0,False
2026-04-20,Ginger,Vegetables,kg,545.0,False
2026-04-27,Ginger,Vegetables,kg,514.0,False
2026-05-04,Ginger,Vegetables,kg,531.0,False
2026-05-11,Ginger,Vegetables,kg,575.0,False
2026-05-18,Ginger,Vegetables,kg,549.0,False
2026-05-25,Ginger,Vegetables,kg,548.0,False
2026-06-01,Ginger,Vegetables,kg,512.0,False
2026-06-08,Ginger,Vegetables,kg,617.0,False
2026-06-15,Ginger,Vegetables,kg,542.0,False
2026-06-22,Ginger,Vegetables,kg,572.0,False
2026-06-29,Ginger,Vegetables,kg,545.0,False
2026-07-06,Ginger,Vegetables,kg,600.0,False
2026-07-13,Ginger,Vegetables,kg,585.0,False
2026-07-20,Ginger,Vegetables,kg,605.0,False
2026-07-27,Ginger,Vegetables,kg,654.0,False
2026-08-03,Ginger,Vegetables,kg,698.0,False
2023-08-14,Grapes,Fruits,kg,375.0,False
2023-08-21,Grapes,Fruits,kg,351.0,False
2023-08-28,Grapes,Fruits,kg,331.0,False
2023-09-04,Grapes,Fruits,kg,324.0,False
2023-09-11,Grapes,Fruits,kg,310.0,False
2023-09-18,Grapes,Fruits,kg,322.0,False
2023-09-25,Grapes,Fruits,kg,347.0,False
2023-10-02,Grapes,Fruits,kg,358.0,False
2023-10-09,Grapes,Fruits,kg,332.0,False
2023-10-16,Grapes,Fruits,kg,313.0,False
2023-10-23,Grapes,Fruits,kg,361.0,False
2023-10-30,Grapes,Fruits,kg,362.0,False
2023-11-06,Grapes,Fruits,kg,306.0,False
2023-11-13,Grapes,Fruits,kg,333.0,False
2023-11-20,Grapes,Fruits,kg,280.0,False
2023-11-27,Grapes,Fruits,kg,280.0,False
2023-12-04,Grapes,Fruits,kg,300.0,False
2023-12-11,Grapes,Fruits,kg,291.0,False
2023-12-18,Grapes,Fruits,kg,286.0,False
2023-12-25,Grapes,Fruits,kg,279.0,False
2024-01-01,Grapes,Fruits,kg,288.0,False
2024-01-08,Grapes,Fruits,kg,266.0,False
2024-01-15,Grapes,Fruits,kg,239.0,False
2024-01-22,Grapes,Fruits,kg,260.0,False
2024-01-29,Grapes,Fruits,kg,273.0,False
2024-02-05,Grapes,Fruits,kg,242.0,False
2024-02-12,Grapes,Fruits,kg,235.0,False
2024-02-19,Grapes,Fruits,kg,289.0,False
2024-02-26,Grapes,Fruits,kg,262.0,False
2024-03-04,Grapes,Fruits,kg,269.0,False
2024-03-11,Grapes,Fruits,kg,252.0,False
2024-03-18,Grapes,Fruits,kg,288.0,False
2024-03-25,Grapes,Fruits,kg,253.0,False
2024-04-01,Grapes,Fruits,kg,315.0,False
2024-04-08,Grapes,Fruits,kg,317.0,False
2024-04-15,Grapes,Fruits,kg,302.0,False
2024-04-22,Grapes,Fruits,kg,288.0,False
2024-04-29,Grapes,Fruits,kg,293.0,False
2024-05-06,Grapes,Fruits,kg,348.0,False
2024-05-13,Grapes,Fruits,kg,350.0,False
2024-05-20,Grapes,Fruits,kg,345.0,False
2024-05-27,Grapes,Fruits,kg,346.0,False
2024-06-03,Grapes,Fruits,kg,379.0,False
2024-06-10,Grapes,Fruits,kg,354.0,False
2024-06-17,Grapes,Fruits,kg,407.0,False
2024-06-24,Grapes,Fruits,kg,408.0,False
2024-07-01,Grapes,Fruits,kg,385.0,False
2024-07-08,Grapes,Fruits,kg,417.0,False
2024-07-15,Grapes,Fruits,kg,395.0,False
2024-07-22,Grapes,Fruits,kg,425.0,False
2024-07-29,Grapes,Fruits,kg,400.0,False
2024-08-05,Grapes,Fruits,kg,386.0,False
2024-08-12,Grapes,Fruits,kg,450.0,False
2024-08-19,Grapes,Fruits,kg,444.0,False
2024-08-26,Grapes,Fruits,kg,416.0,False
2024-09-02,Grapes,Fruits,kg,449.0,False
2024-09-09,Grapes,Fruits,kg,409.0,False
2024-09-16,Grapes,Fruits,kg,406.0,False
2024-09-23,Grapes,Fruits,kg,426.0,False
2024-09-30,Grapes,Fruits,kg,339.0,False
2024-10-07,Grapes,Fruits,kg,398.0,False
2024-10-14,Grapes,Fruits,kg,390.0,False
2024-10-21,Grapes,Fruits,kg,372.0,False
2024-10-28,Grapes,Fruits,kg,394.0,False
2024-11-04,Grapes,Fruits,kg,448.0,False
2024-11-11,Grapes,Fruits,kg,384.0,False
2024-11-18,Grapes,Fruits,kg,385.0,False
2024-11-25,Grapes,Fruits,kg,331.0,False
2024-12-02,Grapes,Fruits,kg,340.0,False
2024-12-09,Grapes,Fruits,kg,363.0,False
2024-12-16,Grapes,Fruits,kg,333.0,False
2024-12-23,Grapes,Fruits,kg,335.0,False
2024-12-30,Grapes,Fruits,kg,341.0,False
2025-01-06,Grapes,Fruits,kg,317.0,False
2025-01-13,Grapes,Fruits,kg,321.0,False
2025-01-20,Grapes,Fruits,kg,325.0,False
2025-01-27,Grapes,Fruits,kg,295.0,False
2025-02-03,Grapes,Fruits,kg,302.0,False
2025-02-10,Grapes,Fruits,kg,299.0,False
2025-02-17,Grapes,Fruits,kg,305.0,False
2025-02-24,Grapes,Fruits,kg,292.0,False
2025-03-03,Grapes,Fruits,kg,318.0,False
2025-03-10,Grapes,Fruits,kg,319.0,False
2025-03-17,Grapes,Fruits,kg,317.0,False
2025-03-24,Grapes,Fruits,kg,303.0,False
2025-03-31,Grapes,Fruits,kg,356.0,False
2025-04-07,Grapes,Fruits,kg,385.0,False
2025-04-14,Grapes,Fruits,kg,331.0,False
2025-04-21,Grapes,Fruits,kg,321.0,False
2025-04-28,Grapes,Fruits,kg,360.0,False
2025-05-05,Grapes,Fruits,kg,414.0,False
2025-05-12,Grapes,Fruits,kg,390.0,False
2025-05-19,Grapes,Fruits,kg,384.0,False
2025-05-26,Grapes,Fruits,kg,409.0,False
2025-06-02,Grapes,Fruits,kg,439.0,False
2025-06-09,Grapes,Fruits,kg,464.0,False
2025-06-16,Grapes,Fruits,kg,452.0,False
2025-06-23,Grapes,Fruits,kg,477.0,False
2025-06-30,Grapes,Fruits,kg,488.0,False
2025-07-07,Grapes,Fruits,kg,522.0,False
2025-07-14,Grapes,Fruits,kg,481.0,False
2025-07-21,Grapes,Fruits,kg,486.0,False
2025-07-28,Grapes,Fruits,kg,489.0,False
2025-08-04,Grapes,Fruits,kg,480.0,False
2025-08-11,Grapes,Fruits,kg,463.0,False
2025-08-18,Grapes,Fruits,kg,464.0,False
2025-08-25,Grapes,Fruits,kg,471.0,False
2025-09-01,Grapes,Fruits,kg,511.0,False
2025-09-08,Grapes,Fruits,kg,534.0,False
2025-09-15,Grapes,Fruits,kg,450.0,False
2025-09-22,Grapes,Fruits,kg,484.0,False
2025-09-29,Grapes,Fruits,kg,468.0,False
2025-10-06,Grapes,Fruits,kg,478.0,False
2025-10-13,Grapes,Fruits,kg,429.0,False
2025-10-20,Grapes,Fruits,kg,442.0,False
2025-10-27,Grapes,Fruits,kg,488.0,False
2025-11-03,Grapes,Fruits,kg,438.0,False
2025-11-10,Grapes,Fruits,kg,422.0,False
2025-11-17,Grapes,Fruits,kg,463.0,False
2025-11-24,Grapes,Fruits,kg,416.0,False
2025-12-01,Grapes,Fruits,kg,440.0,False
2025-12-08,Grapes,Fruits,kg,386.0,False
2025-12-15,Grapes,Fruits,kg,429.0,False
2025-12-22,Grapes,Fruits,kg,440.0,False
2025-12-29,Grapes,Fruits,kg,343.0,False
2026-01-05,Grapes,Fruits,kg,386.0,False
2026-01-12,Grapes,Fruits,kg,305.0,False
2026-01-19,Grapes,Fruits,kg,353.0,False
2026-01-26,Grapes,Fruits,kg,351.0,False
2026-02-02,Grapes,Fruits,kg,349.0,False
2026-02-09,Grapes,Fruits,kg,387.0,False
2026-02-16,Grapes,Fruits,kg,388.0,False
2026-02-23,Grapes,Fruits,kg,405.0,False
2026-03-02,Grapes,Fruits,kg,387.0,False
2026-03-09,Grapes,Fruits,kg,436.0,False
2026-03-16,Grapes,Fruits,kg,382.0,False
2026-03-23,Grapes,Fruits,kg,414.0,False
2026-03-30,Grapes,Fruits,kg,364.0,False
2026-04-06,Grapes,Fruits,kg,392.0,False
2026-04-13,Grapes,Fruits,kg,436.0,False
2026-04-20,Grapes,Fruits,kg,449.0,False
2026-04-27,Grapes,Fruits,kg,427.0,False
2026-05-04,Grapes,Fruits,kg,450.0,False
2026-05-11,Grapes,Fruits,kg,447.0,False
2026-05-18,Grapes,Fruits,kg,480.0,False
2026-05-25,Grapes,Fruits,kg,519.0,False
2026-06-01,Grapes,Fruits,kg,533.0,False
2026-06-08,Grapes,Fruits,kg,507.0,False
2026-06-15,Grapes,Fruits,kg,542.0,False
2026-06-22,Grapes,Fruits,kg,619.0,False
2026-06-29,Grapes,Fruits,kg,567.0,False
2026-07-06,Grapes,Fruits,kg,521.0,False
2026-07-13,Grapes,Fruits,kg,576.0,False
2026-07-20,Grapes,Fruits,kg,548.0,False
2026-07-27,Grapes,Fruits,kg,595.0,False
2026-08-03,Grapes,Fruits,kg,566.0,False
2023-08-14,Green Chili,Vegetables,kg,189.0,False
2023-08-21,Green Chili,Vegetables,kg,216.0,False
2023-08-28,Green Chili,Vegetables,kg,230.0,False
2023-09-04,Green Chili,Vegetables,kg,169.0,False
2023-09-11,Green Chili,Vegetables,kg,198.0,False
2023-09-18,Green Chili,Vegetables,kg,170.0,False
2023-09-25,Green Chili,Vegetables,kg,178.0,False
2023-10-02,Green Chili,Vegetables,kg,221.0,False
2023-10-09,Green Chili,Vegetables,kg,171.0,False
2023-10-16,Green Chili,Vegetables,kg,176.0,False
2023-10-23,Green Chili,Vegetables,kg,183.0,False
2023-10-30,Green Chili,Vegetables,kg,167.0,False
2023-11-06,Green Chili,Vegetables,kg,160.0,False
2023-11-13,Green Chili,Vegetables,kg,141.0,False
2023-11-20,Green Chili,Vegetables,kg,153.0,False
2023-11-27,Green Chili,Vegetables,kg,124.0,False
2023-12-04,Green Chili,Vegetables,kg,130.0,False
2023-12-11,Green Chili,Vegetables,kg,123.0,False
2023-12-18,Green Chili,Vegetables,kg,142.0,False
2023-12-25,Green Chili,Vegetables,kg,100.0,False
2024-01-01,Green Chili,Vegetables,kg,117.0,False
2024-01-08,Green Chili,Vegetables,kg,128.0,False
2024-01-15,Green Chili,Vegetables,kg,126.0,False
2024-01-22,Green Chili,Vegetables,kg,110.0,False
2024-01-29,Green Chili,Vegetables,kg,127.0,False
2024-02-05,Green Chili,Vegetables,kg,128.0,False
2024-02-12,Green Chili,Vegetables,kg,127.0,False
2024-02-19,Green Chili,Vegetables,kg,142.0,False
2024-02-26,Green Chili,Vegetables,kg,142.0,False
2024-03-04,Green Chili,Vegetables,kg,165.0,False
2024-03-11,Green Chili,Vegetables,kg,128.0,False
2024-03-18,Green Chili,Vegetables,kg,152.0,False
2024-03-25,Green Chili,Vegetables,kg,143.0,False
2024-04-01,Green Chili,Vegetables,kg,173.0,False
2024-04-08,Green Chili,Vegetables,kg,181.0,False
2024-04-15,Green Chili,Vegetables,kg,166.0,False
2024-04-22,Green Chili,Vegetables,kg,195.0,False
2024-04-29,Green Chili,Vegetables,kg,183.0,False
2024-05-06,Green Chili,Vegetables,kg,194.0,False
2024-05-13,Green Chili,Vegetables,kg,219.0,False
2024-05-20,Green Chili,Vegetables,kg,241.0,False
2024-05-27,Green Chili,Vegetables,kg,234.0,False
2024-06-03,Green Chili,Vegetables,kg,234.0,False
2024-06-10,Green Chili,Vegetables,kg,232.0,False
2024-06-17,Green Chili,Vegetables,kg,231.0,False
2024-06-24,Green Chili,Vegetables,kg,256.0,False
2024-07-01,Green Chili,Vegetables,kg,237.0,False
2024-07-08,Green Chili,Vegetables,kg,236.0,False
2024-07-15,Green Chili,Vegetables,kg,208.0,False
2024-07-22,Green Chili,Vegetables,kg,239.0,False
2024-07-29,Green Chili,Vegetables,kg,253.0,False
2024-08-05,Green Chili,Vegetables,kg,198.0,False
2024-08-12,Green Chili,Vegetables,kg,241.0,False
2024-08-19,Green Chili,Vegetables,kg,237.0,False
2024-08-26,Green Chili,Vegetables,kg,198.0,False
2024-09-02,Green Chili,Vegetables,kg,222.0,False
2024-09-09,Green Chili,Vegetables,kg,240.0,False
2024-09-16,Green Chili,Vegetables,kg,229.0,False
2024-09-23,Green Chili,Vegetables,kg,225.0,False
2024-09-30,Green Chili,Vegetables,kg,215.0,False
2024-10-07,Green Chili,Vegetables,kg,236.0,False
2024-10-14,Green Chili,Vegetables,kg,205.0,False
2024-10-21,Green Chili,Vegetables,kg,192.0,False
2024-10-28,Green Chili,Vegetables,kg,175.0,False
2024-11-04,Green Chili,Vegetables,kg,192.0,False
2024-11-11,Green Chili,Vegetables,kg,169.0,False
2024-11-18,Green Chili,Vegetables,kg,161.0,False
2024-11-25,Green Chili,Vegetables,kg,158.0,False
2024-12-02,Green Chili,Vegetables,kg,146.0,False
2024-12-09,Green Chili,Vegetables,kg,135.0,False
2024-12-16,Green Chili,Vegetables,kg,135.0,False
2024-12-23,Green Chili,Vegetables,kg,143.0,False
2024-12-30,Green Chili,Vegetables,kg,143.0,False
2025-01-06,Green Chili,Vegetables,kg,150.0,False
2025-01-13,Green Chili,Vegetables,kg,143.0,False
2025-01-20,Green Chili,Vegetables,kg,134.0,False
2025-01-27,Green Chili,Vegetables,kg,123.0,False
2025-02-03,Green Chili,Vegetables,kg,138.0,False
2025-02-10,Green Chili,Vegetables,kg,147.0,False
2025-02-17,Green Chili,Vegetables,kg,160.0,False
2025-02-24,Green Chili,Vegetables,kg,151.0,False
2025-03-03,Green Chili,Vegetables,kg,199.0,False
2025-03-10,Green Chili,Vegetables,kg,211.0,False
2025-03-17,Green Chili,Vegetables,kg,164.0,False
2025-03-24,Green Chili,Vegetables,kg,205.0,False
2025-03-31,Green Chili,Vegetables,kg,208.0,False
2025-04-07,Green Chili,Vegetables,kg,204.0,False
2025-04-14,Green Chili,Vegetables,kg,193.0,False
2025-04-21,Green Chili,Vegetables,kg,226.0,False
2025-04-28,Green Chili,Vegetables,kg,214.0,False
2025-05-05,Green Chili,Vegetables,kg,213.0,False
2025-05-12,Green Chili,Vegetables,kg,265.0,False
2025-05-19,Green Chili,Vegetables,kg,256.0,False
2025-05-26,Green Chili,Vegetables,kg,268.0,False
2025-06-02,Green Chili,Vegetables,kg,267.0,False
2025-06-09,Green Chili,Vegetables,kg,274.0,False
2025-06-16,Green Chili,Vegetables,kg,282.0,False
2025-06-23,Green Chili,Vegetables,kg,273.0,False
2025-06-30,Green Chili,Vegetables,kg,322.0,False
2025-07-07,Green Chili,Vegetables,kg,261.0,False
2025-07-14,Green Chili,Vegetables,kg,238.0,False
2025-07-21,Green Chili,Vegetables,kg,289.0,False
2025-07-28,Green Chili,Vegetables,kg,246.0,False
2025-08-04,Green Chili,Vegetables,kg,307.0,False
2025-08-11,Green Chili,Vegetables,kg,287.0,False
2025-08-18,Green Chili,Vegetables,kg,288.0,False
2025-08-25,Green Chili,Vegetables,kg,262.0,False
2025-09-01,Green Chili,Vegetables,kg,247.0,False
2025-09-08,Green Chili,Vegetables,kg,288.0,False
2025-09-15,Green Chili,Vegetables,kg,317.0,False
2025-09-22,Green Chili,Vegetables,kg,264.0,False
2025-09-29,Green Chili,Vegetables,kg,207.0,False
2025-10-06,Green Chili,Vegetables,kg,243.0,False
2025-10-13,Green Chili,Vegetables,kg,249.0,False
2025-10-20,Green Chili,Vegetables,kg,211.0,False
2025-10-27,Green Chili,Vegetables,kg,218.0,False
2025-11-03,Green Chili,Vegetables,kg,191.0,False
2025-11-10,Green Chili,Vegetables,kg,211.0,False
2025-11-17,Green Chili,Vegetables,kg,219.0,False
2025-11-24,Green Chili,Vegetables,kg,203.0,False
2025-12-01,Green Chili,Vegetables,kg,174.0,False
2025-12-08,Green Chili,Vegetables,kg,182.0,False
2025-12-15,Green Chili,Vegetables,kg,173.0,False
2025-12-22,Green Chili,Vegetables,kg,171.0,False
2025-12-29,Green Chili,Vegetables,kg,156.0,False
2026-01-05,Green Chili,Vegetables,kg,166.0,False
2026-01-12,Green Chili,Vegetables,kg,196.0,False
2026-01-19,Green Chili,Vegetables,kg,154.0,False
2026-01-26,Green Chili,Vegetables,kg,182.0,False
2026-02-02,Green Chili,Vegetables,kg,166.0,False
2026-02-09,Green Chili,Vegetables,kg,199.0,False
2026-02-16,Green Chili,Vegetables,kg,150.0,False
2026-02-23,Green Chili,Vegetables,kg,179.0,False
2026-03-02,Green Chili,Vegetables,kg,214.0,False
2026-03-09,Green Chili,Vegetables,kg,186.0,False
2026-03-16,Green Chili,Vegetables,kg,193.0,False
2026-03-23,Green Chili,Vegetables,kg,220.0,False
2026-03-30,Green Chili,Vegetables,kg,221.0,False
2026-04-06,Green Chili,Vegetables,kg,280.0,False
2026-04-13,Green Chili,Vegetables,kg,254.0,False
2026-04-20,Green Chili,Vegetables,kg,256.0,False
2026-04-27,Green Chili,Vegetables,kg,304.0,False
2026-05-04,Green Chili,Vegetables,kg,276.0,False
2026-05-11,Green Chili,Vegetables,kg,242.0,False
2026-05-18,Green Chili,Vegetables,kg,331.0,False
2026-05-25,Green Chili,Vegetables,kg,313.0,False
2026-06-01,Green Chili,Vegetables,kg,261.0,False
2026-06-08,Green Chili,Vegetables,kg,323.0,False
2026-06-15,Green Chili,Vegetables,kg,329.0,False
2026-06-22,Green Chili,Vegetables,kg,273.0,False
2026-06-29,Green Chili,Vegetables,kg,338.0,False
2026-07-06,Green Chili,Vegetables,kg,288.0,False
2026-07-13,Green Chili,Vegetables,kg,384.0,False
2026-07-20,Green Chili,Vegetables,kg,319.0,False
2026-07-27,Green Chili,Vegetables,kg,409.0,False
2026-08-03,Green Chili,Vegetables,kg,371.0,False
2023-08-14,Guava,Fruits,kg,150.0,False
2023-08-21,Guava,Fruits,kg,154.0,False
2023-08-28,Guava,Fruits,kg,152.0,False
2023-09-04,Guava,Fruits,kg,182.0,False
2023-09-11,Guava,Fruits,kg,161.0,False
2023-09-18,Guava,Fruits,kg,166.0,False
2023-09-25,Guava,Fruits,kg,166.0,False
2023-10-02,Guava,Fruits,kg,163.0,False
2023-10-09,Guava,Fruits,kg,170.0,False
2023-10-16,Guava,Fruits,kg,164.0,False
2023-10-23,Guava,Fruits,kg,176.0,False
2023-10-30,Guava,Fruits,kg,178.0,False
2023-11-06,Guava,Fruits,kg,180.0,False
2023-11-13,Guava,Fruits,kg,181.0,False
2023-11-20,Guava,Fruits,kg,182.0,False
2023-11-27,Guava,Fruits,kg,178.0,False
2023-12-04,Guava,Fruits,kg,195.0,False
2023-12-11,Guava,Fruits,kg,182.0,False
2023-12-18,Guava,Fruits,kg,181.0,False
2023-12-25,Guava,Fruits,kg,187.0,False
2024-01-01,Guava,Fruits,kg,183.0,False
2024-01-08,Guava,Fruits,kg,193.0,False
2024-01-15,Guava,Fruits,kg,178.0,False
2024-01-22,Guava,Fruits,kg,186.0,False
2024-01-29,Guava,Fruits,kg,182.0,False
2024-02-05,Guava,Fruits,kg,175.0,False
2024-02-12,Guava,Fruits,kg,165.0,False
2024-02-19,Guava,Fruits,kg,142.0,False
2024-02-26,Guava,Fruits,kg,167.0,False
2024-03-04,Guava,Fruits,kg,157.0,False
2024-03-11,Guava,Fruits,kg,160.0,False
2024-03-18,Guava,Fruits,kg,157.0,False
2024-03-25,Guava,Fruits,kg,136.0,False
2024-04-01,Guava,Fruits,kg,147.0,False
2024-04-08,Guava,Fruits,kg,149.0,False
2024-04-15,Guava,Fruits,kg,150.0,False
2024-04-22,Guava,Fruits,kg,126.0,False
2024-04-29,Guava,Fruits,kg,141.0,False
2024-05-06,Guava,Fruits,kg,142.0,False
2024-05-13,Guava,Fruits,kg,133.0,False
2024-05-20,Guava,Fruits,kg,138.0,False
2024-05-27,Guava,Fruits,kg,150.0,False
2024-06-03,Guava,Fruits,kg,143.0,False
2024-06-10,Guava,Fruits,kg,151.0,False
2024-06-17,Guava,Fruits,kg,160.0,False
2024-06-24,Guava,Fruits,kg,132.0,False
2024-07-01,Guava,Fruits,kg,137.0,False
2024-07-08,Guava,Fruits,kg,163.0,False
2024-07-15,Guava,Fruits,kg,158.0,False
2024-07-22,Guava,Fruits,kg,170.0,False
2024-07-29,Guava,Fruits,kg,164.0,False
2024-08-05,Guava,Fruits,kg,162.0,False
2024-08-12,Guava,Fruits,kg,171.0,False
2024-08-19,Guava,Fruits,kg,188.0,False
2024-08-26,Guava,Fruits,kg,199.0,False
2024-09-02,Guava,Fruits,kg,194.0,False
2024-09-09,Guava,Fruits,kg,205.0,False
2024-09-16,Guava,Fruits,kg,204.0,False
2024-09-23,Guava,Fruits,kg,167.0,False
2024-09-30,Guava,Fruits,kg,229.0,False
2024-10-07,Guava,Fruits,kg,233.0,False
2024-10-14,Guava,Fruits,kg,211.0,False
2024-10-21,Guava,Fruits,kg,202.0,False
2024-10-28,Guava,Fruits,kg,239.0,False
2024-11-04,Guava,Fruits,kg,236.0,False
2024-11-11,Guava,Fruits,kg,229.0,False
2024-11-18,Guava,Fruits,kg,240.0,False
2024-11-25,Guava,Fruits,kg,238.0,False
2024-12-02,Guava,Fruits,kg,213.0,False
2024-12-09,Guava,Fruits,kg,214.0,False
2024-12-16,Guava,Fruits,kg,237.0,False
2024-12-23,Guava,Fruits,kg,212.0,False
2024-12-30,Guava,Fruits,kg,201.0,False
2025-01-06,Guava,Fruits,kg,202.0,False
2025-01-13,Guava,Fruits,kg,212.0,False
2025-01-20,Guava,Fruits,kg,211.0,False
2025-01-27,Guava,Fruits,kg,183.0,False
2025-02-03,Guava,Fruits,kg,216.0,False
2025-02-10,Guava,Fruits,kg,203.0,False
2025-02-17,Guava,Fruits,kg,203.0,False
2025-02-24,Guava,Fruits,kg,197.0,False
2025-03-03,Guava,Fruits,kg,175.0,False
2025-03-10,Guava,Fruits,kg,162.0,False
2025-03-17,Guava,Fruits,kg,165.0,False
2025-03-24,Guava,Fruits,kg,188.0,False
2025-03-31,Guava,Fruits,kg,189.0,False
2025-04-07,Guava,Fruits,kg,161.0,False
2025-04-14,Guava,Fruits,kg,170.0,False
2025-04-21,Guava,Fruits,kg,163.0,False
2025-04-28,Guava,Fruits,kg,143.0,False
2025-05-05,Guava,Fruits,kg,179.0,False
2025-05-12,Guava,Fruits,kg,157.0,False
2025-05-19,Guava,Fruits,kg,173.0,False
2025-05-26,Guava,Fruits,kg,170.0,False
2025-06-02,Guava,Fruits,kg,154.0,False
2025-06-09,Guava,Fruits,kg,172.0,False
2025-06-16,Guava,Fruits,kg,159.0,False
2025-06-23,Guava,Fruits,kg,177.0,False
2025-06-30,Guava,Fruits,kg,170.0,False
2025-07-07,Guava,Fruits,kg,172.0,False
2025-07-14,Guava,Fruits,kg,171.0,False
2025-07-21,Guava,Fruits,kg,185.0,False
2025-07-28,Guava,Fruits,kg,197.0,False
2025-08-04,Guava,Fruits,kg,227.0,False
2025-08-11,Guava,Fruits,kg,214.0,False
2025-08-18,Guava,Fruits,kg,208.0,False
2025-08-25,Guava,Fruits,kg,198.0,False
2025-09-01,Guava,Fruits,kg,203.0,False
2025-09-08,Guava,Fruits,kg,221.0,False
2025-09-15,Guava,Fruits,kg,263.0,False
2025-09-22,Guava,Fruits,kg,259.0,False
2025-09-29,Guava,Fruits,kg,246.0,False
2025-10-06,Guava,Fruits,kg,235.0,False
2025-10-13,Guava,Fruits,kg,266.0,False
2025-10-20,Guava,Fruits,kg,242.0,False
2025-10-27,Guava,Fruits,kg,247.0,False
2025-11-03,Guava,Fruits,kg,265.0,False
2025-11-10,Guava,Fruits,kg,274.0,False
2025-11-17,Guava,Fruits,kg,269.0,False
2025-11-24,Guava,Fruits,kg,278.0,False
2025-12-01,Guava,Fruits,kg,264.0,False
2025-12-08,Guava,Fruits,kg,271.0,False
2025-12-15,Guava,Fruits,kg,256.0,False
2025-12-22,Guava,Fruits,kg,240.0,False
2025-12-29,Guava,Fruits,kg,225.0,False
2026-01-05,Guava,Fruits,kg,266.0,False
2026-01-12,Guava,Fruits,kg,234.0,False
2026-01-19,Guava,Fruits,kg,255.0,False
2026-01-26,Guava,Fruits,kg,223.0,False
2026-02-02,Guava,Fruits,kg,231.0,False
2026-02-09,Guava,Fruits,kg,244.0,False
2026-02-16,Guava,Fruits,kg,224.0,False
2026-02-23,Guava,Fruits,kg,229.0,False
2026-03-02,Guava,Fruits,kg,217.0,False
2026-03-09,Guava,Fruits,kg,212.0,False
2026-03-16,Guava,Fruits,kg,192.0,False
2026-03-23,Guava,Fruits,kg,207.0,False
2026-03-30,Guava,Fruits,kg,200.0,False
2026-04-06,Guava,Fruits,kg,193.0,False
2026-04-13,Guava,Fruits,kg,188.0,False
2026-04-20,Guava,Fruits,kg,196.0,False
2026-04-27,Guava,Fruits,kg,198.0,False
2026-05-04,Guava,Fruits,kg,185.0,False
2026-05-11,Guava,Fruits,kg,199.0,False
2026-05-18,Guava,Fruits,kg,204.0,False
2026-05-25,Guava,Fruits,kg,194.0,False
2026-06-01,Guava,Fruits,kg,211.0,False
2026-06-08,Guava,Fruits,kg,190.0,False
2026-06-15,Guava,Fruits,kg,182.0,False
2026-06-22,Guava,Fruits,kg,197.0,False
2026-06-29,Guava,Fruits,kg,194.0,False
2026-07-06,Guava,Fruits,kg,219.0,False
2026-07-13,Guava,Fruits,kg,227.0,False
2026-07-20,Guava,Fruits,kg,224.0,False
2026-07-27,Guava,Fruits,kg,231.0,False
2026-08-03,Guava,Fruits,kg,224.0,False
2023-08-14,Mango,Fruits,kg,164.0,False
2023-08-21,Mango,Fruits,kg,172.0,False
2023-08-28,Mango,Fruits,kg,189.0,False
2023-09-04,Mango,Fruits,kg,214.0,False
2023-09-11,Mango,Fruits,kg,200.0,False
2023-09-18,Mango,Fruits,kg,192.0,False
2023-09-25,Mango,Fruits,kg,238.0,False
2023-10-02,Mango,Fruits,kg,223.0,False
2023-10-09,Mango,Fruits,kg,265.0,False
2023-10-16,Mango,Fruits,kg,201.0,False
2023-10-23,Mango,Fruits,kg,242.0,False
2023-10-30,Mango,Fruits,kg,245.0,False
2023-11-06,Mango,Fruits,kg,287.0,False
2023-11-13,Mango,Fruits,kg,302.0,False
2023-11-20,Mango,Fruits,kg,324.0,False
2023-11-27,Mango,Fruits,kg,274.0,False
2023-12-04,Mango,Fruits,kg,291.0,False
2023-12-11,Mango,Fruits,kg,251.0,False
2023-12-18,Mango,Fruits,kg,287.0,False
2023-12-25,Mango,Fruits,kg,308.0,False
2024-01-01,Mango,Fruits,kg,277.0,False
2024-01-08,Mango,Fruits,kg,303.0,False
2024-01-15,Mango,Fruits,kg,268.0,False
2024-01-22,Mango,Fruits,kg,280.0,False
2024-01-29,Mango,Fruits,kg,248.0,False
2024-02-05,Mango,Fruits,kg,320.0,False
2024-02-12,Mango,Fruits,kg,231.0,False
2024-02-19,Mango,Fruits,kg,245.0,False
2024-02-26,Mango,Fruits,kg,220.0,False
2024-03-04,Mango,Fruits,kg,253.0,False
2024-03-11,Mango,Fruits,kg,196.0,False
2024-03-18,Mango,Fruits,kg,212.0,False
2024-03-25,Mango,Fruits,kg,206.0,False
2024-04-01,Mango,Fruits,kg,215.0,False
2024-04-08,Mango,Fruits,kg,209.0,False
2024-04-15,Mango,Fruits,kg,183.0,False
2024-04-22,Mango,Fruits,kg,180.0,False
2024-04-29,Mango,Fruits,kg,187.0,False
2024-05-06,Mango,Fruits,kg,186.0,False
2024-05-13,Mango,Fruits,kg,161.0,False
2024-05-20,Mango,Fruits,kg,151.0,False
2024-05-27,Mango,Fruits,kg,148.0,False
2024-06-03,Mango,Fruits,kg,139.0,False
2024-06-10,Mango,Fruits,kg,152.0,False
2024-06-17,Mango,Fruits,kg,147.0,False
2024-06-24,Mango,Fruits,kg,150.0,False
2024-07-01,Mango,Fruits,kg,146.0,False
2024-07-08,Mango,Fruits,kg,156.0,False
2024-07-15,Mango,Fruits,kg,149.0,False
2024-07-22,Mango,Fruits,kg,173.0,False
2024-07-29,Mango,Fruits,kg,197.0,False
2024-08-05,Mango,Fruits,kg,198.0,False
2024-08-12,Mango,Fruits,kg,183.0,False
2024-08-19,Mango,Fruits,kg,206.0,False
2024-08-26,Mango,Fruits,kg,235.0,False
2024-09-02,Mango,Fruits,kg,195.0,False
2024-09-09,Mango,Fruits,kg,224.0,False
2024-09-16,Mango,Fruits,kg,269.0,False
2024-09-23,Mango,Fruits,kg,242.0,False
2024-09-30,Mango,Fruits,kg,272.0,False
2024-10-07,Mango,Fruits,kg,258.0,False
2024-10-14,Mango,Fruits,kg,291.0,False
2024-10-21,Mango,Fruits,kg,286.0,False
2024-10-28,Mango,Fruits,kg,291.0,False
2024-11-04,Mango,Fruits,kg,307.0,False
2024-11-11,Mango,Fruits,kg,317.0,False
2024-11-18,Mango,Fruits,kg,309.0,False
2024-11-25,Mango,Fruits,kg,329.0,False
2024-12-02,Mango,Fruits,kg,334.0,False
2024-12-09,Mango,Fruits,kg,356.0,False
2024-12-16,Mango,Fruits,kg,318.0,False
2024-12-23,Mango,Fruits,kg,338.0,False
2024-12-30,Mango,Fruits,kg,361.0,False
2025-01-06,Mango,Fruits,kg,301.0,False
2025-01-13,Mango,Fruits,kg,334.0,False
2025-01-20,Mango,Fruits,kg,313.0,False
2025-01-27,Mango,Fruits,kg,326.0,False
2025-02-03,Mango,Fruits,kg,344.0,False
2025-02-10,Mango,Fruits,kg,295.0,False
2025-02-17,Mango,Fruits,kg,287.0,False
2025-02-24,Mango,Fruits,kg,251.0,False
2025-03-03,Mango,Fruits,kg,254.0,False
2025-03-10,Mango,Fruits,kg,267.0,False
2025-03-17,Mango,Fruits,kg,259.0,False
2025-03-24,Mango,Fruits,kg,230.0,False
2025-03-31,Mango,Fruits,kg,257.0,False
2025-04-07,Mango,Fruits,kg,205.0,False
2025-04-14,Mango,Fruits,kg,249.0,False
2025-04-21,Mango,Fruits,kg,174.0,False
2025-04-28,Mango,Fruits,kg,231.0,False
2025-05-05,Mango,Fruits,kg,210.0,False
2025-05-12,Mango,Fruits,kg,180.0,False
2025-05-19,Mango,Fruits,kg,188.0,False
2025-05-26,Mango,Fruits,kg,199.0,False
2025-06-02,Mango,Fruits,kg,187.0,False
2025-06-09,Mango,Fruits,kg,214.0,False
2025-06-16,Mango,Fruits,kg,155.0,False
2025-06-23,Mango,Fruits,kg,181.0,False
2025-06-30,Mango,Fruits,kg,173.0,False
2025-07-07,Mango,Fruits,kg,187.0,False
2025-07-14,Mango,Fruits,kg,216.0,False
2025-07-21,Mango,Fruits,kg,191.0,False
2025-07-28,Mango,Fruits,kg,222.0,False
2025-08-04,Mango,Fruits,kg,211.0,False
2025-08-11,Mango,Fruits,kg,200.0,False
2025-08-18,Mango,Fruits,kg,227.0,False
2025-08-25,Mango,Fruits,kg,251.0,False
2025-09-01,Mango,Fruits,kg,256.0,False
2025-09-08,Mango,Fruits,kg,271.0,False
2025-09-15,Mango,Fruits,kg,251.0,False
2025-09-22,Mango,Fruits,kg,293.0,False
2025-09-29,Mango,Fruits,kg,291.0,False
2025-10-06,Mango,Fruits,kg,329.0,False
2025-10-13,Mango,Fruits,kg,360.0,False
2025-10-20,Mango,Fruits,kg,336.0,False
2025-10-27,Mango,Fruits,kg,317.0,False
2025-11-03,Mango,Fruits,kg,411.0,False
2025-11-10,Mango,Fruits,kg,385.0,False
2025-11-17,Mango,Fruits,kg,388.0,False
2025-11-24,Mango,Fruits,kg,383.0,False
2025-12-01,Mango,Fruits,kg,402.0,False
2025-12-08,Mango,Fruits,kg,356.0,False
2025-12-15,Mango,Fruits,kg,451.0,False
2025-12-22,Mango,Fruits,kg,407.0,False
2025-12-29,Mango,Fruits,kg,378.0,False
2026-01-05,Mango,Fruits,kg,358.0,False
2026-01-12,Mango,Fruits,kg,391.0,False
2026-01-19,Mango,Fruits,kg,366.0,False
2026-01-26,Mango,Fruits,kg,405.0,False
2026-02-02,Mango,Fruits,kg,394.0,False
2026-02-09,Mango,Fruits,kg,359.0,False
2026-02-16,Mango,Fruits,kg,377.0,False
2026-02-23,Mango,Fruits,kg,364.0,False
2026-03-02,Mango,Fruits,kg,345.0,False
2026-03-09,Mango,Fruits,kg,336.0,False
2026-03-16,Mango,Fruits,kg,291.0,False
2026-03-23,Mango,Fruits,kg,284.0,False
2026-03-30,Mango,Fruits,kg,308.0,False
2026-04-06,Mango,Fruits,kg,260.0,False
2026-04-13,Mango,Fruits,kg,264.0,False
2026-04-20,Mango,Fruits,kg,259.0,False
2026-04-27,Mango,Fruits,kg,242.0,False
2026-05-04,Mango,Fruits,kg,214.0,False
2026-05-11,Mango,Fruits,kg,244.0,False
2026-05-18,Mango,Fruits,kg,217.0,False
2026-05-25,Mango,Fruits,kg,219.0,False
2026-06-01,Mango,Fruits,kg,219.0,False
2026-06-08,Mango,Fruits,kg,195.0,False
2026-06-15,Mango,Fruits,kg,199.0,False
2026-06-22,Mango,Fruits,kg,201.0,False
2026-06-29,Mango,Fruits,kg,214.0,False
2026-07-06,Mango,Fruits,kg,206.0,False
2026-07-13,Mango,Fruits,kg,219.0,False
2026-07-20,Mango,Fruits,kg,230.0,False
2026-07-27,Mango,Fruits,kg,255.0,False
2026-08-03,Mango,Fruits,kg,249.0,False
2023-08-14,Melon,Fruits,kg,90.0,False
2023-08-21,Melon,Fruits,kg,87.0,False
2023-08-28,Melon,Fruits,kg,89.0,False
2023-09-04,Melon,Fruits,kg,96.0,False
2023-09-11,Melon,Fruits,kg,104.0,False
2023-09-18,Melon,Fruits,kg,110.0,False
2023-09-25,Melon,Fruits,kg,101.0,False
2023-10-02,Melon,Fruits,kg,105.0,False
2023-10-09,Melon,Fruits,kg,119.0,False
2023-10-16,Melon,Fruits,kg,109.0,False
2023-10-23,Melon,Fruits,kg,115.0,False
2023-10-30,Melon,Fruits,kg,124.0,False
2023-11-06,Melon,Fruits,kg,123.0,False
2023-11-13,Melon,Fruits,kg,123.0,False
2023-11-20,Melon,Fruits,kg,124.0,False
2023-11-27,Melon,Fruits,kg,140.0,False
2023-12-04,Melon,Fruits,kg,144.0,False
2023-12-11,Melon,Fruits,kg,144.0,False
2023-12-18,Melon,Fruits,kg,136.0,False
2023-12-25,Melon,Fruits,kg,142.0,False
2024-01-01,Melon,Fruits,kg,124.0,False
2024-01-08,Melon,Fruits,kg,132.0,False
2024-01-15,Melon,Fruits,kg,139.0,False
2024-01-22,Melon,Fruits,kg,138.0,False
2024-01-29,Melon,Fruits,kg,139.0,False
2024-02-05,Melon,Fruits,kg,135.0,False
2024-02-12,Melon,Fruits,kg,121.0,False
2024-02-19,Melon,Fruits,kg,123.0,False
2024-02-26,Melon,Fruits,kg,119.0,False
2024-03-04,Melon,Fruits,kg,113.0,False
2024-03-11,Melon,Fruits,kg,104.0,False
2024-03-18,Melon,Fruits,kg,114.0,False
2024-03-25,Melon,Fruits,kg,117.0,False
2024-04-01,Melon,Fruits,kg,100.0,False
2024-04-08,Melon,Fruits,kg,101.0,False
2024-04-15,Melon,Fruits,kg,96.0,False
2024-04-22,Melon,Fruits,kg,97.0,False
2024-04-29,Melon,Fruits,kg,91.0,False
2024-05-06,Melon,Fruits,kg,90.0,False
2024-05-13,Melon,Fruits,kg,87.0,False
2024-05-20,Melon,Fruits,kg,83.0,False
2024-05-27,Melon,Fruits,kg,76.0,False
2024-06-03,Melon,Fruits,kg,78.0,False
2024-06-10,Melon,Fruits,kg,92.0,False
2024-06-17,Melon,Fruits,kg,90.0,False
2024-06-24,Melon,Fruits,kg,82.0,False
2024-07-01,Melon,Fruits,kg,80.0,False
2024-07-08,Melon,Fruits,kg,87.0,False
2024-07-15,Melon,Fruits,kg,88.0,False
2024-07-22,Melon,Fruits,kg,90.0,False
2024-07-29,Melon,Fruits,kg,99.0,False
2024-08-05,Melon,Fruits,kg,98.0,False
2024-08-12,Melon,Fruits,kg,84.0,False
2024-08-19,Melon,Fruits,kg,109.0,False
2024-08-26,Melon,Fruits,kg,106.0,False
2024-09-02,Melon,Fruits,kg,122.0,False
2024-09-09,Melon,Fruits,kg,113.0,False
2024-09-16,Melon,Fruits,kg,124.0,False
2024-09-23,Melon,Fruits,kg,128.0,False
2024-09-30,Melon,Fruits,kg,125.0,False
2024-10-07,Melon,Fruits,kg,150.0,False
2024-10-14,Melon,Fruits,kg,145.0,False
2024-10-21,Melon,Fruits,kg,154.0,False
2024-10-28,Melon,Fruits,kg,142.0,False
2024-11-04,Melon,Fruits,kg,152.0,False
2024-11-11,Melon,Fruits,kg,159.0,False
2024-11-18,Melon,Fruits,kg,148.0,False
2024-11-25,Melon,Fruits,kg,150.0,False
2024-12-02,Melon,Fruits,kg,169.0,False
2024-12-09,Melon,Fruits,kg,158.0,False
2024-12-16,Melon,Fruits,kg,159.0,False
2024-12-23,Melon,Fruits,kg,159.0,False
2024-12-30,Melon,Fruits,kg,160.0,False
2025-01-06,Melon,Fruits,kg,147.0,False
2025-01-13,Melon,Fruits,kg,150.0,False
2025-01-20,Melon,Fruits,kg,163.0,False
2025-01-27,Melon,Fruits,kg,133.0,False
2025-02-03,Melon,Fruits,kg,155.0,False
2025-02-10,Melon,Fruits,kg,142.0,False
2025-02-17,Melon,Fruits,kg,127.0,False
2025-02-24,Melon,Fruits,kg,144.0,False
2025-03-03,Melon,Fruits,kg,121.0,False
2025-03-10,Melon,Fruits,kg,149.0,False
2025-03-17,Melon,Fruits,kg,125.0,False
2025-03-24,Melon,Fruits,kg,134.0,False
2025-03-31,Melon,Fruits,kg,135.0,False
2025-04-07,Melon,Fruits,kg,119.0,False
2025-04-14,Melon,Fruits,kg,112.0,False
2025-04-21,Melon,Fruits,kg,112.0,False
2025-04-28,Melon,Fruits,kg,114.0,False
2025-05-05,Melon,Fruits,kg,84.0,False
2025-05-12,Melon,Fruits,kg,90.0,False
2025-05-19,Melon,Fruits,kg,107.0,False
2025-05-26,Melon,Fruits,kg,98.0,False
2025-06-02,Melon,Fruits,kg,92.0,False
2025-06-09,Melon,Fruits,kg,108.0,False
2025-06-16,Melon,Fruits,kg,99.0,False
2025-06-23,Melon,Fruits,kg,96.0,False
2025-06-30,Melon,Fruits,kg,98.0,False
2025-07-07,Melon,Fruits,kg,102.0,False
2025-07-14,Melon,Fruits,kg,95.0,False
2025-07-21,Melon,Fruits,kg,97.0,False
2025-07-28,Melon,Fruits,kg,105.0,False
2025-08-04,Melon,Fruits,kg,127.0,False
2025-08-11,Melon,Fruits,kg,112.0,False
2025-08-18,Melon,Fruits,kg,126.0,False
2025-08-25,Melon,Fruits,kg,121.0,False
2025-09-01,Melon,Fruits,kg,121.0,False
2025-09-08,Melon,Fruits,kg,125.0,False
2025-09-15,Melon,Fruits,kg,156.0,False
2025-09-22,Melon,Fruits,kg,160.0,False
2025-09-29,Melon,Fruits,kg,153.0,False
2025-10-06,Melon,Fruits,kg,149.0,False
2025-10-13,Melon,Fruits,kg,170.0,False
2025-10-20,Melon,Fruits,kg,155.0,False
2025-10-27,Melon,Fruits,kg,178.0,False
2025-11-03,Melon,Fruits,kg,174.0,False
2025-11-10,Melon,Fruits,kg,194.0,False
2025-11-17,Melon,Fruits,kg,180.0,False
2025-11-24,Melon,Fruits,kg,188.0,False
2025-12-01,Melon,Fruits,kg,158.0,False
2025-12-08,Melon,Fruits,kg,194.0,False
2025-12-15,Melon,Fruits,kg,185.0,False
2025-12-22,Melon,Fruits,kg,196.0,False
2025-12-29,Melon,Fruits,kg,205.0,False
2026-01-05,Melon,Fruits,kg,179.0,False
2026-01-12,Melon,Fruits,kg,189.0,False
2026-01-19,Melon,Fruits,kg,187.0,False
2026-01-26,Melon,Fruits,kg,166.0,False
2026-02-02,Melon,Fruits,kg,201.0,False
2026-02-09,Melon,Fruits,kg,186.0,False
2026-02-16,Melon,Fruits,kg,176.0,False
2026-02-23,Melon,Fruits,kg,164.0,False
2026-03-02,Melon,Fruits,kg,168.0,False
2026-03-09,Melon,Fruits,kg,147.0,False
2026-03-16,Melon,Fruits,kg,169.0,False
2026-03-23,Melon,Fruits,kg,144.0,False
2026-03-30,Melon,Fruits,kg,143.0,False
2026-04-06,Melon,Fruits,kg,140.0,False
2026-04-13,Melon,Fruits,kg,124.0,False
2026-04-20,Melon,Fruits,kg,132.0,False
2026-04-27,Melon,Fruits,kg,114.0,False
2026-05-04,Melon,Fruits,kg,121.0,False
2026-05-11,Melon,Fruits,kg,119.0,False
2026-05-18,Melon,Fruits,kg,109.0,False
2026-05-25,Melon,Fruits,kg,109.0,False
2026-06-01,Melon,Fruits,kg,114.0,False
2026-06-08,Melon,Fruits,kg,118.0,False
2026-06-15,Melon,Fruits,kg,118.0,False
2026-06-22,Melon,Fruits,kg,105.0,False
2026-06-29,Melon,Fruits,kg,120.0,False
2026-07-06,Melon,Fruits,kg,127.0,False
2026-07-13,Melon,Fruits,kg,114.0,False
2026-07-20,Melon,Fruits,kg,110.0,False
2026-07-27,Melon,Fruits,kg,127.0,False
2026-08-03,Melon,Fruits,kg,136.0,False
2023-08-14,Milk,Dairy,liter,200.0,False
2023-08-21,Milk,Dairy,liter,220.0,False
2023-08-28,Milk,Dairy,liter,213.0,False
2023-09-04,Milk,Dairy,liter,215.0,False
2023-09-11,Milk,Dairy,liter,222.0,False
2023-09-18,Milk,Dairy,liter,226.0,False
2023-09-25,Milk,Dairy,liter,217.0,False
2023-10-02,Milk,Dairy,liter,221.0,False
2023-10-09,Milk,Dairy,liter,213.0,False
2023-10-16,Milk,Dairy,liter,229.0,False
2023-10-23,Milk,Dairy,liter,231.0,False
2023-10-30,Milk,Dairy,liter,220.0,False
2023-11-06,Milk,Dairy,liter,225.0,False
2023-11-13,Milk,Dairy,liter,235.0,False
2023-11-20,Milk,Dairy,liter,239.0,False
2023-11-27,Milk,Dairy,liter,243.0,False
2023-12-04,Milk,Dairy,liter,247.0,False
2023-12-11,Milk,Dairy,liter,239.0,False
2023-12-18,Milk,Dairy,liter,237.0,False
2023-12-25,Milk,Dairy,liter,247.0,False
2024-01-01,Milk,Dairy,liter,245.0,False
2024-01-08,Milk,Dairy,liter,248.0,False
2024-01-15,Milk,Dairy,liter,247.0,False
2024-01-22,Milk,Dairy,liter,246.0,False
2024-01-29,Milk,Dairy,liter,263.0,False
2024-02-05,Milk,Dairy,liter,248.0,False
2024-02-12,Milk,Dairy,liter,254.0,False
2024-02-19,Milk,Dairy,liter,253.0,False
2024-02-26,Milk,Dairy,liter,249.0,False
2024-03-04,Milk,Dairy,liter,246.0,False
2024-03-11,Milk,Dairy,liter,256.0,False
2024-03-18,Milk,Dairy,liter,247.0,False
2024-03-25,Milk,Dairy,liter,244.0,False
2024-04-01,Milk,Dairy,liter,244.0,False
2024-04-08,Milk,Dairy,liter,245.0,False
2024-04-15,Milk,Dairy,liter,248.0,False
2024-04-22,Milk,Dairy,liter,245.0,False
2024-04-29,Milk,Dairy,liter,244.0,False
2024-05-06,Milk,Dairy,liter,240.0,False
2024-05-13,Milk,Dairy,liter,235.0,False
2024-05-20,Milk,Dairy,liter,241.0,False
2024-05-27,Milk,Dairy,liter,254.0,False
2024-06-03,Milk,Dairy,liter,240.0,False
2024-06-10,Milk,Dairy,liter,238.0,False
2024-06-17,Milk,Dairy,liter,250.0,False
2024-06-24,Milk,Dairy,liter,243.0,False
2024-07-01,Milk,Dairy,liter,253.0,False
2024-07-08,Milk,Dairy,liter,241.0,False
2024-07-15,Milk,Dairy,liter,242.0,False
2024-07-22,Milk,Dairy,liter,237.0,False
2024-07-29,Milk,Dairy,liter,247.0,False
2024-08-05,Milk,Dairy,liter,254.0,False
2024-08-12,Milk,Dairy,liter,244.0,False
2024-08-19,Milk,Dairy,liter,239.0,False
2024-08-26,Milk,Dairy,liter,257.0,False
2024-09-02,Milk,Dairy,liter,253.0,False
2024-09-09,Milk,Dairy,liter,259.0,False
2024-09-16,Milk,Dairy,liter,262.0,False
2024-09-23,Milk,Dairy,liter,260.0,False
2024-09-30,Milk,Dairy,liter,263.0,False
2024-10-07,Milk,Dairy,liter,259.0,False
2024-10-14,Milk,Dairy,liter,262.0,False
2024-10-21,Milk,Dairy,liter,273.0,False
2024-10-28,Milk,Dairy,liter,271.0,False
2024-11-04,Milk,Dairy,liter,276.0,False
2024-11-11,Milk,Dairy,liter,273.0,False
2024-11-18,Milk,Dairy,liter,281.0,False
2024-11-25,Milk,Dairy,liter,290.0,False
2024-12-02,Milk,Dairy,liter,277.0,False
2024-12-09,Milk,Dairy,liter,281.0,False
2024-12-16,Milk,Dairy,liter,277.0,False
2024-12-23,Milk,Dairy,liter,288.0,False
2024-12-30,Milk,Dairy,liter,287.0,False
2025-01-06,Milk,Dairy,liter,289.0,False
2025-01-13,Milk,Dairy,liter,296.0,False
2025-01-20,Milk,Dairy,liter,290.0,False
2025-01-27,Milk,Dairy,liter,291.0,False
2025-02-03,Milk,Dairy,liter,294.0,False
2025-02-10,Milk,Dairy,liter,292.0,False
2025-02-17,Milk,Dairy,liter,296.0,False
2025-02-24,Milk,Dairy,liter,293.0,False
2025-03-03,Milk,Dairy,liter,292.0,False
2025-03-10,Milk,Dairy,liter,301.0,False
2025-03-17,Milk,Dairy,liter,292.0,False
2025-03-24,Milk,Dairy,liter,294.0,False
2025-03-31,Milk,Dairy,liter,286.0,False
2025-04-07,Milk,Dairy,liter,286.0,False
2025-04-14,Milk,Dairy,liter,290.0,False
2025-04-21,Milk,Dairy,liter,292.0,False
2025-04-28,Milk,Dairy,liter,294.0,False
2025-05-05,Milk,Dairy,liter,285.0,False
2025-05-12,Milk,Dairy,liter,287.0,False
2025-05-19,Milk,Dairy,liter,295.0,False
2025-05-26,Milk,Dairy,liter,294.0,False
2025-06-02,Milk,Dairy,liter,290.0,False
2025-06-09,Milk,Dairy,liter,279.0,False
2025-06-16,Milk,Dairy,liter,289.0,False
2025-06-23,Milk,Dairy,liter,288.0,False
2025-06-30,Milk,Dairy,liter,280.0,False
2025-07-07,Milk,Dairy,liter,290.0,False
2025-07-14,Milk,Dairy,liter,292.0,False
2025-07-21,Milk,Dairy,liter,293.0,False
2025-07-28,Milk,Dairy,liter,290.0,False
2025-08-04,Milk,Dairy,liter,296.0,False
2025-08-11,Milk,Dairy,liter,298.0,False
2025-08-18,Milk,Dairy,liter,302.0,False
2025-08-25,Milk,Dairy,liter,297.0,False
2025-09-01,Milk,Dairy,liter,301.0,False
2025-09-08,Milk,Dairy,liter,294.0,False
2025-09-15,Milk,Dairy,liter,310.0,False
2025-09-22,Milk,Dairy,liter,305.0,False
2025-09-29,Milk,Dairy,liter,302.0,False
2025-10-06,Milk,Dairy,liter,318.0,False
2025-10-13,Milk,Dairy,liter,319.0,False
2025-10-20,Milk,Dairy,liter,322.0,False
2025-10-27,Milk,Dairy,liter,318.0,False
2025-11-03,Milk,Dairy,liter,328.0,False
2025-11-10,Milk,Dairy,liter,334.0,False
2025-11-17,Milk,Dairy,liter,329.0,False
2025-11-24,Milk,Dairy,liter,332.0,False
2025-12-01,Milk,Dairy,liter,320.0,False
2025-12-08,Milk,Dairy,liter,335.0,False
2025-12-15,Milk,Dairy,liter,338.0,False
2025-12-22,Milk,Dairy,liter,342.0,False
2025-12-29,Milk,Dairy,liter,345.0,False
2026-01-05,Milk,Dairy,liter,339.0,False
2026-01-12,Milk,Dairy,liter,348.0,False
2026-01-19,Milk,Dairy,liter,333.0,False
2026-01-26,Milk,Dairy,liter,342.0,False
2026-02-02,Milk,Dairy,liter,348.0,False
2026-02-09,Milk,Dairy,liter,352.0,False
2026-02-16,Milk,Dairy,liter,353.0,False
2026-02-23,Milk,Dairy,liter,328.0,False
2026-03-02,Milk,Dairy,liter,342.0,False
2026-03-09,Milk,Dairy,liter,354.0,False
2026-03-16,Milk,Dairy,liter,342.0,False
2026-03-23,Milk,Dairy,liter,354.0,False
2026-03-30,Milk,Dairy,liter,343.0,False
2026-04-06,Milk,Dairy,liter,341.0,False
2026-04-13,Milk,Dairy,liter,353.0,False
2026-04-20,Milk,Dairy,liter,339.0,False
2026-04-27,Milk,Dairy,liter,336.0,False
2026-05-04,Milk,Dairy,liter,348.0,False
2026-05-11,Milk,Dairy,liter,344.0,False
2026-05-18,Milk,Dairy,liter,338.0,False
2026-05-25,Milk,Dairy,liter,342.0,False
2026-06-01,Milk,Dairy,liter,340.0,False
2026-06-08,Milk,Dairy,liter,336.0,False
2026-06-15,Milk,Dairy,liter,328.0,False
2026-06-22,Milk,Dairy,liter,349.0,False
2026-06-29,Milk,Dairy,liter,347.0,False
2026-07-06,Milk,Dairy,liter,331.0,False
2026-07-13,Milk,Dairy,liter,343.0,False
2026-07-20,Milk,Dairy,liter,331.0,False
2026-07-27,Milk,Dairy,liter,341.0,False
2026-08-03,Milk,Dairy,liter,339.0,False
2023-08-14,Mutton,Poultry & Meat,kg,1897.0,False
2023-08-21,Mutton,Poultry & Meat,kg,1955.0,False
2023-08-28,Mutton,Poultry & Meat,kg,2018.0,False
2023-09-04,Mutton,Poultry & Meat,kg,1823.0,False
2023-09-11,Mutton,Poultry & Meat,kg,1939.0,False
2023-09-18,Mutton,Poultry & Meat,kg,1931.0,False
2023-09-25,Mutton,Poultry & Meat,kg,1784.0,False
2023-10-02,Mutton,Poultry & Meat,kg,1982.0,False
2023-10-09,Mutton,Poultry & Meat,kg,1968.0,False
2023-10-16,Mutton,Poultry & Meat,kg,1873.0,False
2023-10-23,Mutton,Poultry & Meat,kg,1955.0,False
2023-10-30,Mutton,Poultry & Meat,kg,1902.0,False
2023-11-06,Mutton,Poultry & Meat,kg,1980.0,False
2023-11-13,Mutton,Poultry & Meat,kg,1865.0,False
2023-11-20,Mutton,Poultry & Meat,kg,1656.0,False
2023-11-27,Mutton,Poultry & Meat,kg,1938.0,False
2023-12-04,Mutton,Poultry & Meat,kg,1822.0,False
2023-12-11,Mutton,Poultry & Meat,kg,1788.0,False
2023-12-18,Mutton,Poultry & Meat,kg,1785.0,False
2023-12-25,Mutton,Poultry & Meat,kg,1777.0,False
2024-01-01,Mutton,Poultry & Meat,kg,1913.0,False
2024-01-08,Mutton,Poultry & Meat,kg,1962.0,False
2024-01-15,Mutton,Poultry & Meat,kg,1973.0,False
2024-01-22,Mutton,Poultry & Meat,kg,1952.0,False
2024-01-29,Mutton,Poultry & Meat,kg,2012.0,False
2024-02-05,Mutton,Poultry & Meat,kg,1884.0,False
2024-02-12,Mutton,Poultry & Meat,kg,1930.0,False
2024-02-19,Mutton,Poultry & Meat,kg,1975.0,False
2024-02-26,Mutton,Poultry & Meat,kg,1900.0,False
2024-03-04,Mutton,Poultry & Meat,kg,2013.0,False
2024-03-11,Mutton,Poultry & Meat,kg,2021.0,False
2024-03-18,Mutton,Poultry & Meat,kg,2076.0,False
2024-03-25,Mutton,Poultry & Meat,kg,2191.0,False
2024-04-01,Mutton,Poultry & Meat,kg,2133.0,False
2024-04-08,Mutton,Poultry & Meat,kg,2258.0,False
2024-04-15,Mutton,Poultry & Meat,kg,2283.0,False
2024-04-22,Mutton,Poultry & Meat,kg,2319.0,False
2024-04-29,Mutton,Poultry & Meat,kg,2513.0,False
2024-05-06,Mutton,Poultry & Meat,kg,2291.0,False
2024-05-13,Mutton,Poultry & Meat,kg,2234.0,False
2024-05-20,Mutton,Poultry & Meat,kg,2217.0,False
2024-05-27,Mutton,Poultry & Meat,kg,2273.0,False
2024-06-03,Mutton,Poultry & Meat,kg,2237.0,False
2024-06-10,Mutton,Poultry & Meat,kg,2260.0,False
2024-06-17,Mutton,Poultry & Meat,kg,2442.0,False
2024-06-24,Mutton,Poultry & Meat,kg,2437.0,False
2024-07-01,Mutton,Poultry & Meat,kg,2321.0,False
2024-07-08,Mutton,Poultry & Meat,kg,2394.0,False
2024-07-15,Mutton,Poultry & Meat,kg,2295.0,False
2024-07-22,Mutton,Poultry & Meat,kg,2423.0,False
2024-07-29,Mutton,Poultry & Meat,kg,2465.0,False
2024-08-05,Mutton,Poultry & Meat,kg,2182.0,False
2024-08-12,Mutton,Poultry & Meat,kg,2362.0,False
2024-08-19,Mutton,Poultry & Meat,kg,2167.0,False
2024-08-26,Mutton,Poultry & Meat,kg,2246.0,False
2024-09-02,Mutton,Poultry & Meat,kg,2377.0,False
2024-09-09,Mutton,Poultry & Meat,kg,2264.0,False
2024-09-16,Mutton,Poultry & Meat,kg,2330.0,False
2024-09-23,Mutton,Poultry & Meat,kg,2060.0,False
2024-09-30,Mutton,Poultry & Meat,kg,2251.0,False
2024-10-07,Mutton,Poultry & Meat,kg,2266.0,False
2024-10-14,Mutton,Poultry & Meat,kg,2188.0,False
2024-10-21,Mutton,Poultry & Meat,kg,2306.0,False
2024-10-28,Mutton,Poultry & Meat,kg,2116.0,False
2024-11-04,Mutton,Poultry & Meat,kg,2314.0,False
2024-11-11,Mutton,Poultry & Meat,kg,2179.0,False
2024-11-18,Mutton,Poultry & Meat,kg,2204.0,False
2024-11-25,Mutton,Poultry & Meat,kg,2230.0,False
2024-12-02,Mutton,Poultry & Meat,kg,2065.0,False
2024-12-09,Mutton,Poultry & Meat,kg,2055.0,False
2024-12-16,Mutton,Poultry & Meat,kg,2161.0,False
2024-12-23,Mutton,Poultry & Meat,kg,2201.0,False
2024-12-30,Mutton,Poultry & Meat,kg,2337.0,False
2025-01-06,Mutton,Poultry & Meat,kg,2169.0,False
2025-01-13,Mutton,Poultry & Meat,kg,2027.0,False
2025-01-20,Mutton,Poultry & Meat,kg,2263.0,False
2025-01-27,Mutton,Poultry & Meat,kg,2342.0,False
2025-02-03,Mutton,Poultry & Meat,kg,2328.0,False
2025-02-10,Mutton,Poultry & Meat,kg,2390.0,False
2025-02-17,Mutton,Poultry & Meat,kg,2424.0,False
2025-02-24,Mutton,Poultry & Meat,kg,2583.0,False
2025-03-03,Mutton,Poultry & Meat,kg,2575.0,False
2025-03-10,Mutton,Poultry & Meat,kg,2344.0,False
2025-03-17,Mutton,Poultry & Meat,kg,2629.0,False
2025-03-24,Mutton,Poultry & Meat,kg,2595.0,False
2025-03-31,Mutton,Poultry & Meat,kg,2648.0,False
2025-04-07,Mutton,Poultry & Meat,kg,2332.0,False
2025-04-14,Mutton,Poultry & Meat,kg,2705.0,False
2025-04-21,Mutton,Poultry & Meat,kg,2544.0,False
2025-04-28,Mutton,Poultry & Meat,kg,2730.0,False
2025-05-05,Mutton,Poultry & Meat,kg,2826.0,False
2025-05-12,Mutton,Poultry & Meat,kg,2793.0,False
2025-05-19,Mutton,Poultry & Meat,kg,2806.0,False
2025-05-26,Mutton,Poultry & Meat,kg,2613.0,False
2025-06-02,Mutton,Poultry & Meat,kg,2618.0,False
2025-06-09,Mutton,Poultry & Meat,kg,2940.0,False
2025-06-16,Mutton,Poultry & Meat,kg,2766.0,False
2025-06-23,Mutton,Poultry & Meat,kg,2724.0,False
2025-06-30,Mutton,Poultry & Meat,kg,2804.0,False
2025-07-07,Mutton,Poultry & Meat,kg,2691.0,False
2025-07-14,Mutton,Poultry & Meat,kg,2961.0,False
2025-07-21,Mutton,Poultry & Meat,kg,2693.0,False
2025-07-28,Mutton,Poultry & Meat,kg,2723.0,False
2025-08-04,Mutton,Poultry & Meat,kg,2652.0,False
2025-08-11,Mutton,Poultry & Meat,kg,2821.0,False
2025-08-18,Mutton,Poultry & Meat,kg,2762.0,False
2025-08-25,Mutton,Poultry & Meat,kg,2924.0,False
2025-09-01,Mutton,Poultry & Meat,kg,2621.0,False
2025-09-08,Mutton,Poultry & Meat,kg,2812.0,False
2025-09-15,Mutton,Poultry & Meat,kg,2587.0,False
2025-09-22,Mutton,Poultry & Meat,kg,2544.0,False
2025-09-29,Mutton,Poultry & Meat,kg,2682.0,False
2025-10-06,Mutton,Poultry & Meat,kg,2545.0,False
2025-10-13,Mutton,Poultry & Meat,kg,2725.0,False
2025-10-20,Mutton,Poultry & Meat,kg,2461.0,False
2025-10-27,Mutton,Poultry & Meat,kg,2602.0,False
2025-11-03,Mutton,Poultry & Meat,kg,2633.0,False
2025-11-10,Mutton,Poultry & Meat,kg,2544.0,False
2025-11-17,Mutton,Poultry & Meat,kg,2564.0,False
2025-11-24,Mutton,Poultry & Meat,kg,2542.0,False
2025-12-01,Mutton,Poultry & Meat,kg,2540.0,False
2025-12-08,Mutton,Poultry & Meat,kg,2420.0,False
2025-12-15,Mutton,Poultry & Meat,kg,2683.0,False
2025-12-22,Mutton,Poultry & Meat,kg,2682.0,False
2025-12-29,Mutton,Poultry & Meat,kg,2477.0,False
2026-01-05,Mutton,Poultry & Meat,kg,2456.0,False
2026-01-12,Mutton,Poultry & Meat,kg,2674.0,False
2026-01-19,Mutton,Poultry & Meat,kg,2573.0,False
2026-01-26,Mutton,Poultry & Meat,kg,2582.0,False
2026-02-02,Mutton,Poultry & Meat,kg,2707.0,False
2026-02-09,Mutton,Poultry & Meat,kg,2771.0,False
2026-02-16,Mutton,Poultry & Meat,kg,2795.0,False
2026-02-23,Mutton,Poultry & Meat,kg,2829.0,False
2026-03-02,Mutton,Poultry & Meat,kg,2849.0,False
2026-03-09,Mutton,Poultry & Meat,kg,2926.0,False
2026-03-16,Mutton,Poultry & Meat,kg,3039.0,False
2026-03-23,Mutton,Poultry & Meat,kg,2772.0,False
2026-03-30,Mutton,Poultry & Meat,kg,3050.0,False
2026-04-06,Mutton,Poultry & Meat,kg,2998.0,False
2026-04-13,Mutton,Poultry & Meat,kg,3031.0,False
2026-04-20,Mutton,Poultry & Meat,kg,3182.0,False
2026-04-27,Mutton,Poultry & Meat,kg,2974.0,False
2026-05-04,Mutton,Poultry & Meat,kg,3102.0,False
2026-05-11,Mutton,Poultry & Meat,kg,3112.0,False
2026-05-18,Mutton,Poultry & Meat,kg,3210.0,False
2026-05-25,Mutton,Poultry & Meat,kg,3222.0,False
2026-06-01,Mutton,Poultry & Meat,kg,3296.0,False
2026-06-08,Mutton,Poultry & Meat,kg,3076.0,False
2026-06-15,Mutton,Poultry & Meat,kg,3510.0,False
2026-06-22,Mutton,Poultry & Meat,kg,3227.0,False
2026-06-29,Mutton,Poultry & Meat,kg,3137.0,False
2026-07-06,Mutton,Poultry & Meat,kg,3266.0,False
2026-07-13,Mutton,Poultry & Meat,kg,3166.0,False
2026-07-20,Mutton,Poultry & Meat,kg,3242.0,False
2026-07-27,Mutton,Poultry & Meat,kg,3296.0,False
2026-08-03,Mutton,Poultry & Meat,kg,3261.0,False
2023-08-14,Onion,Vegetables,kg,96.0,False
2023-08-21,Onion,Vegetables,kg,94.0,False
2023-08-28,Onion,Vegetables,kg,98.0,False
2023-09-04,Onion,Vegetables,kg,105.0,False
2023-09-11,Onion,Vegetables,kg,99.0,False
2023-09-18,Onion,Vegetables,kg,103.0,False
2023-09-25,Onion,Vegetables,kg,108.0,False
2023-10-02,Onion,Vegetables,kg,100.0,False
2023-10-09,Onion,Vegetables,kg,99.0,False
2023-10-16,Onion,Vegetables,kg,95.0,False
2023-10-23,Onion,Vegetables,kg,116.0,False
2023-10-30,Onion,Vegetables,kg,103.0,False
2023-11-06,Onion,Vegetables,kg,105.0,False
2023-11-13,Onion,Vegetables,kg,107.0,False
2023-11-20,Onion,Vegetables,kg,104.0,False
2023-11-27,Onion,Vegetables,kg,91.0,False
2023-12-04,Onion,Vegetables,kg,96.0,False
2023-12-11,Onion,Vegetables,kg,112.0,False
2023-12-18,Onion,Vegetables,kg,101.0,False
2023-12-25,Onion,Vegetables,kg,95.0,False
2024-01-01,Onion,Vegetables,kg,87.0,False
2024-01-08,Onion,Vegetables,kg,96.0,False
2024-01-15,Onion,Vegetables,kg,101.0,False
2024-01-22,Onion,Vegetables,kg,85.0,False
2024-01-29,Onion,Vegetables,kg,84.0,False
2024-02-05,Onion,Vegetables,kg,78.0,False
2024-02-12,Onion,Vegetables,kg,82.0,False
2024-02-19,Onion,Vegetables,kg,78.0,False
2024-02-26,Onion,Vegetables,kg,88.0,False
2024-03-04,Onion,Vegetables,kg,93.0,False
2024-03-11,Onion,Vegetables,kg,93.0,False
2024-03-18,Onion,Vegetables,kg,89.0,False
2024-03-25,Onion,Vegetables,kg,85.0,False
2024-04-01,Onion,Vegetables,kg,83.0,False
2024-04-08,Onion,Vegetables,kg,92.0,False
2024-04-15,Onion,Vegetables,kg,84.0,False
2024-04-22,Onion,Vegetables,kg,98.0,False
2024-04-29,Onion,Vegetables,kg,93.0,False
2024-05-06,Onion,Vegetables,kg,101.0,False
2024-05-13,Onion,Vegetables,kg,101.0,False
2024-05-20,Onion,Vegetables,kg,104.0,False
2024-05-27,Onion,Vegetables,kg,109.0,False
2024-06-03,Onion,Vegetables,kg,103.0,False
2024-06-10,Onion,Vegetables,kg,101.0,False
2024-06-17,Onion,Vegetables,kg,99.0,False
2024-06-24,Onion,Vegetables,kg,100.0,False
2024-07-01,Onion,Vegetables,kg,110.0,False
2024-07-08,Onion,Vegetables,kg,109.0,False
2024-07-15,Onion,Vegetables,kg,115.0,False
2024-07-22,Onion,Vegetables,kg,107.0,False
2024-07-29,Onion,Vegetables,kg,111.0,False
2024-08-05,Onion,Vegetables,kg,118.0,False
2024-08-12,Onion,Vegetables,kg,123.0,False
2024-08-19,Onion,Vegetables,kg,132.0,False
2024-08-26,Onion,Vegetables,kg,127.0,False
2024-09-02,Onion,Vegetables,kg,123.0,False
2024-09-09,Onion,Vegetables,kg,130.0,False
2024-09-16,Onion,Vegetables,kg,124.0,False
2024-09-23,Onion,Vegetables,kg,126.0,False
2024-09-30,Onion,Vegetables,kg,128.0,False
2024-10-07,Onion,Vegetables,kg,122.0,False
2024-10-14,Onion,Vegetables,kg,124.0,False
2024-10-21,Onion,Vegetables,kg,111.0,False
2024-10-28,Onion,Vegetables,kg,109.0,False
2024-11-04,Onion,Vegetables,kg,128.0,False
2024-11-11,Onion,Vegetables,kg,121.0,False
2024-11-18,Onion,Vegetables,kg,121.0,False
2024-11-25,Onion,Vegetables,kg,120.0,False
2024-12-02,Onion,Vegetables,kg,111.0,False
2024-12-09,Onion,Vegetables,kg,120.0,False
2024-12-16,Onion,Vegetables,kg,114.0,False
2024-12-23,Onion,Vegetables,kg,106.0,False
2024-12-30,Onion,Vegetables,kg,110.0,False
2025-01-06,Onion,Vegetables,kg,109.0,False
2025-01-13,Onion,Vegetables,kg,103.0,False
2025-01-20,Onion,Vegetables,kg,192.0,True
2025-01-27,Onion,Vegetables,kg,202.0,True
2025-02-03,Onion,Vegetables,kg,177.0,True
2025-02-10,Onion,Vegetables,kg,176.0,True
2025-02-17,Onion,Vegetables,kg,148.0,True
2025-02-24,Onion,Vegetables,kg,106.0,True
2025-03-03,Onion,Vegetables,kg,113.0,False
2025-03-10,Onion,Vegetables,kg,103.0,False
2025-03-17,Onion,Vegetables,kg,101.0,False
2025-03-24,Onion,Vegetables,kg,89.0,False
2025-03-31,Onion,Vegetables,kg,100.0,False
2025-04-07,Onion,Vegetables,kg,104.0,False
2025-04-14,Onion,Vegetables,kg,96.0,False
2025-04-21,Onion,Vegetables,kg,106.0,False
2025-04-28,Onion,Vegetables,kg,105.0,False
2025-05-05,Onion,Vegetables,kg,107.0,False
2025-05-12,Onion,Vegetables,kg,107.0,False
2025-05-19,Onion,Vegetables,kg,108.0,False
2025-05-26,Onion,Vegetables,kg,115.0,False
2025-06-02,Onion,Vegetables,kg,123.0,False
2025-06-09,Onion,Vegetables,kg,117.0,False
2025-06-16,Onion,Vegetables,kg,136.0,False
2025-06-23,Onion,Vegetables,kg,244.0,True
2025-06-30,Onion,Vegetables,kg,329.0,True
2025-07-07,Onion,Vegetables,kg,363.0,True
2025-07-14,Onion,Vegetables,kg,252.0,True
2025-07-21,Onion,Vegetables,kg,131.0,True
2025-07-28,Onion,Vegetables,kg,140.0,False
2025-08-04,Onion,Vegetables,kg,137.0,False
2025-08-11,Onion,Vegetables,kg,152.0,False
2025-08-18,Onion,Vegetables,kg,140.0,False
2025-08-25,Onion,Vegetables,kg,136.0,False
2025-09-01,Onion,Vegetables,kg,144.0,False
2025-09-08,Onion,Vegetables,kg,144.0,False
2025-09-15,Onion,Vegetables,kg,148.0,False
2025-09-22,Onion,Vegetables,kg,148.0,False
2025-09-29,Onion,Vegetables,kg,225.0,True
2025-10-06,Onion,Vegetables,kg,257.0,True
2025-10-13,Onion,Vegetables,kg,270.0,True
2025-10-20,Onion,Vegetables,kg,256.0,True
2025-10-27,Onion,Vegetables,kg,189.0,True
2025-11-03,Onion,Vegetables,kg,152.0,True
2025-11-10,Onion,Vegetables,kg,144.0,False
2025-11-17,Onion,Vegetables,kg,134.0,False
2025-11-24,Onion,Vegetables,kg,126.0,False
2025-12-01,Onion,Vegetables,kg,129.0,False
2025-12-08,Onion,Vegetables,kg,131.0,False
2025-12-15,Onion,Vegetables,kg,133.0,False
2025-12-22,Onion,Vegetables,kg,131.0,False
2025-12-29,Onion,Vegetables,kg,130.0,False
2026-01-05,Onion,Vegetables,kg,117.0,False
2026-01-12,Onion,Vegetables,kg,129.0,False
2026-01-19,Onion,Vegetables,kg,107.0,False
2026-01-26,Onion,Vegetables,kg,123.0,False
2026-02-02,Onion,Vegetables,kg,129.0,False
2026-02-09,Onion,Vegetables,kg,118.0,False
2026-02-16,Onion,Vegetables,kg,111.0,False
2026-02-23,Onion,Vegetables,kg,129.0,False
2026-03-02,Onion,Vegetables,kg,112.0,False
2026-03-09,Onion,Vegetables,kg,114.0,False
2026-03-16,Onion,Vegetables,kg,119.0,False
2026-03-23,Onion,Vegetables,kg,113.0,False
2026-03-30,Onion,Vegetables,kg,121.0,False
2026-04-06,Onion,Vegetables,kg,136.0,False
2026-04-13,Onion,Vegetables,kg,119.0,False
2026-04-20,Onion,Vegetables,kg,215.0,True
2026-04-27,Onion,Vegetables,kg,209.0,True
2026-05-04,Onion,Vegetables,kg,202.0,True
2026-05-11,Onion,Vegetables,kg,174.0,True
2026-05-18,Onion,Vegetables,kg,121.0,True
2026-05-25,Onion,Vegetables,kg,124.0,False
2026-06-01,Onion,Vegetables,kg,147.0,False
2026-06-08,Onion,Vegetables,kg,127.0,False
2026-06-15,Onion,Vegetables,kg,150.0,False
2026-06-22,Onion,Vegetables,kg,149.0,False
2026-06-29,Onion,Vegetables,kg,161.0,False
2026-07-06,Onion,Vegetables,kg,137.0,False
2026-07-13,Onion,Vegetables,kg,166.0,False
2026-07-20,Onion,Vegetables,kg,167.0,False
2026-07-27,Onion,Vegetables,kg,170.0,False
2026-08-03,Onion,Vegetables,kg,165.0,False
2023-08-14,Orange,Fruits,kg,142.0,False
2023-08-21,Orange,Fruits,kg,142.0,False
2023-08-28,Orange,Fruits,kg,149.0,False
2023-09-04,Orange,Fruits,kg,160.0,False
2023-09-11,Orange,Fruits,kg,161.0,False
2023-09-18,Orange,Fruits,kg,170.0,False
2023-09-25,Orange,Fruits,kg,175.0,False
2023-10-02,Orange,Fruits,kg,181.0,False
2023-10-09,Orange,Fruits,kg,167.0,False
2023-10-16,Orange,Fruits,kg,187.0,False
2023-10-23,Orange,Fruits,kg,197.0,False
2023-10-30,Orange,Fruits,kg,190.0,False
2023-11-06,Orange,Fruits,kg,210.0,False
2023-11-13,Orange,Fruits,kg,198.0,False
2023-11-20,Orange,Fruits,kg,200.0,False
2023-11-27,Orange,Fruits,kg,209.0,False
2023-12-04,Orange,Fruits,kg,208.0,False
2023-12-11,Orange,Fruits,kg,216.0,False
2023-12-18,Orange,Fruits,kg,244.0,False
2023-12-25,Orange,Fruits,kg,218.0,False
2024-01-01,Orange,Fruits,kg,219.0,False
2024-01-08,Orange,Fruits,kg,241.0,False
2024-01-15,Orange,Fruits,kg,220.0,False
2024-01-22,Orange,Fruits,kg,233.0,False
2024-01-29,Orange,Fruits,kg,227.0,False
2024-02-05,Orange,Fruits,kg,212.0,False
2024-02-12,Orange,Fruits,kg,232.0,False
2024-02-19,Orange,Fruits,kg,237.0,False
2024-02-26,Orange,Fruits,kg,226.0,False
2024-03-04,Orange,Fruits,kg,217.0,False
2024-03-11,Orange,Fruits,kg,219.0,False
2024-03-18,Orange,Fruits,kg,206.0,False
2024-03-25,Orange,Fruits,kg,213.0,False
2024-04-01,Orange,Fruits,kg,196.0,False
2024-04-08,Orange,Fruits,kg,202.0,False
2024-04-15,Orange,Fruits,kg,203.0,False
2024-04-22,Orange,Fruits,kg,195.0,False
2024-04-29,Orange,Fruits,kg,205.0,False
2024-05-06,Orange,Fruits,kg,185.0,False
2024-05-13,Orange,Fruits,kg,192.0,False
2024-05-20,Orange,Fruits,kg,182.0,False
2024-05-27,Orange,Fruits,kg,169.0,False
2024-06-03,Orange,Fruits,kg,168.0,False
2024-06-10,Orange,Fruits,kg,165.0,False
2024-06-17,Orange,Fruits,kg,183.0,False
2024-06-24,Orange,Fruits,kg,159.0,False
2024-07-01,Orange,Fruits,kg,161.0,False
2024-07-08,Orange,Fruits,kg,165.0,False
2024-07-15,Orange,Fruits,kg,169.0,False
2024-07-22,Orange,Fruits,kg,171.0,False
2024-07-29,Orange,Fruits,kg,169.0,False
2024-08-05,Orange,Fruits,kg,178.0,False
2024-08-12,Orange,Fruits,kg,178.0,False
2024-08-19,Orange,Fruits,kg,176.0,False
2024-08-26,Orange,Fruits,kg,197.0,False
2024-09-02,Orange,Fruits,kg,185.0,False
2024-09-09,Orange,Fruits,kg,182.0,False
2024-09-16,Orange,Fruits,kg,181.0,False
2024-09-23,Orange,Fruits,kg,200.0,False
2024-09-30,Orange,Fruits,kg,199.0,False
2024-10-07,Orange,Fruits,kg,209.0,False
2024-10-14,Orange,Fruits,kg,233.0,False
2024-10-21,Orange,Fruits,kg,242.0,False
2024-10-28,Orange,Fruits,kg,213.0,False
2024-11-04,Orange,Fruits,kg,221.0,False
2024-11-11,Orange,Fruits,kg,237.0,False
2024-11-18,Orange,Fruits,kg,254.0,False
2024-11-25,Orange,Fruits,kg,226.0,False
2024-12-02,Orange,Fruits,kg,252.0,False
2024-12-09,Orange,Fruits,kg,284.0,False
2024-12-16,Orange,Fruits,kg,256.0,False
2024-12-23,Orange,Fruits,kg,245.0,False
2024-12-30,Orange,Fruits,kg,276.0,False
2025-01-06,Orange,Fruits,kg,252.0,False
2025-01-13,Orange,Fruits,kg,282.0,False
2025-01-20,Orange,Fruits,kg,257.0,False
2025-01-27,Orange,Fruits,kg,266.0,False
2025-02-03,Orange,Fruits,kg,276.0,False
2025-02-10,Orange,Fruits,kg,282.0,False
2025-02-17,Orange,Fruits,kg,267.0,False
2025-02-24,Orange,Fruits,kg,270.0,False
2025-03-03,Orange,Fruits,kg,248.0,False
2025-03-10,Orange,Fruits,kg,257.0,False
2025-03-17,Orange,Fruits,kg,266.0,False
2025-03-24,Orange,Fruits,kg,274.0,False
2025-03-31,Orange,Fruits,kg,249.0,False
2025-04-07,Orange,Fruits,kg,227.0,False
2025-04-14,Orange,Fruits,kg,245.0,False
2025-04-21,Orange,Fruits,kg,248.0,False
2025-04-28,Orange,Fruits,kg,236.0,False
2025-05-05,Orange,Fruits,kg,229.0,False
2025-05-12,Orange,Fruits,kg,209.0,False
2025-05-19,Orange,Fruits,kg,229.0,False
2025-05-26,Orange,Fruits,kg,212.0,False
2025-06-02,Orange,Fruits,kg,196.0,False
2025-06-09,Orange,Fruits,kg,215.0,False
2025-06-16,Orange,Fruits,kg,197.0,False
2025-06-23,Orange,Fruits,kg,211.0,False
2025-06-30,Orange,Fruits,kg,189.0,False
2025-07-07,Orange,Fruits,kg,219.0,False
2025-07-14,Orange,Fruits,kg,208.0,False
2025-07-21,Orange,Fruits,kg,198.0,False
2025-07-28,Orange,Fruits,kg,207.0,False
2025-08-04,Orange,Fruits,kg,210.0,False
2025-08-11,Orange,Fruits,kg,211.0,False
2025-08-18,Orange,Fruits,kg,192.0,False
2025-08-25,Orange,Fruits,kg,203.0,False
2025-09-01,Orange,Fruits,kg,202.0,False
2025-09-08,Orange,Fruits,kg,225.0,False
2025-09-15,Orange,Fruits,kg,240.0,False
2025-09-22,Orange,Fruits,kg,235.0,False
2025-09-29,Orange,Fruits,kg,228.0,False
2025-10-06,Orange,Fruits,kg,256.0,False
2025-10-13,Orange,Fruits,kg,240.0,False
2025-10-20,Orange,Fruits,kg,255.0,False
2025-10-27,Orange,Fruits,kg,290.0,False
2025-11-03,Orange,Fruits,kg,281.0,False
2025-11-10,Orange,Fruits,kg,270.0,False
2025-11-17,Orange,Fruits,kg,290.0,False
2025-11-24,Orange,Fruits,kg,268.0,False
2025-12-01,Orange,Fruits,kg,304.0,False
2025-12-08,Orange,Fruits,kg,313.0,False
2025-12-15,Orange,Fruits,kg,325.0,False
2025-12-22,Orange,Fruits,kg,304.0,False
2025-12-29,Orange,Fruits,kg,342.0,False
2026-01-05,Orange,Fruits,kg,319.0,False
2026-01-12,Orange,Fruits,kg,320.0,False
2026-01-19,Orange,Fruits,kg,296.0,False
2026-01-26,Orange,Fruits,kg,335.0,False
2026-02-02,Orange,Fruits,kg,328.0,False
2026-02-09,Orange,Fruits,kg,297.0,False
2026-02-16,Orange,Fruits,kg,293.0,False
2026-02-23,Orange,Fruits,kg,302.0,False
2026-03-02,Orange,Fruits,kg,315.0,False
2026-03-09,Orange,Fruits,kg,295.0,False
2026-03-16,Orange,Fruits,kg,319.0,False
2026-03-23,Orange,Fruits,kg,287.0,False
2026-03-30,Orange,Fruits,kg,306.0,False
2026-04-06,Orange,Fruits,kg,317.0,False
2026-04-13,Orange,Fruits,kg,284.0,False
2026-04-20,Orange,Fruits,kg,269.0,False
2026-04-27,Orange,Fruits,kg,261.0,False
2026-05-04,Orange,Fruits,kg,287.0,False
2026-05-11,Orange,Fruits,kg,260.0,False
2026-05-18,Orange,Fruits,kg,254.0,False
2026-05-25,Orange,Fruits,kg,243.0,False
2026-06-01,Orange,Fruits,kg,258.0,False
2026-06-08,Orange,Fruits,kg,263.0,False
2026-06-15,Orange,Fruits,kg,238.0,False
2026-06-22,Orange,Fruits,kg,235.0,False
2026-06-29,Orange,Fruits,kg,248.0,False
2026-07-06,Orange,Fruits,kg,231.0,False
2026-07-13,Orange,Fruits,kg,233.0,False
2026-07-20,Orange,Fruits,kg,229.0,False
2026-07-27,Orange,Fruits,kg,251.0,False
2026-08-03,Orange,Fruits,kg,227.0,False
2023-08-14,Papaya,Fruits,kg,160.0,False
2023-08-21,Papaya,Fruits,kg,165.0,False
2023-08-28,Papaya,Fruits,kg,164.0,False
2023-09-04,Papaya,Fruits,kg,181.0,False
2023-09-11,Papaya,Fruits,kg,152.0,False
2023-09-18,Papaya,Fruits,kg,160.0,False
2023-09-25,Papaya,Fruits,kg,153.0,False
2023-10-02,Papaya,Fruits,kg,154.0,False
2023-10-09,Papaya,Fruits,kg,160.0,False
2023-10-16,Papaya,Fruits,kg,156.0,False
2023-10-23,Papaya,Fruits,kg,151.0,False
2023-10-30,Papaya,Fruits,kg,158.0,False
2023-11-06,Papaya,Fruits,kg,151.0,False
2023-11-13,Papaya,Fruits,kg,161.0,False
2023-11-20,Papaya,Fruits,kg,154.0,False
2023-11-27,Papaya,Fruits,kg,156.0,False
2023-12-04,Papaya,Fruits,kg,150.0,False
2023-12-11,Papaya,Fruits,kg,155.0,False
2023-12-18,Papaya,Fruits,kg,155.0,False
2023-12-25,Papaya,Fruits,kg,160.0,False
2024-01-01,Papaya,Fruits,kg,167.0,False
2024-01-08,Papaya,Fruits,kg,165.0,False
2024-01-15,Papaya,Fruits,kg,159.0,False
2024-01-22,Papaya,Fruits,kg,170.0,False
2024-01-29,Papaya,Fruits,kg,176.0,False
2024-02-05,Papaya,Fruits,kg,193.0,False
2024-02-12,Papaya,Fruits,kg,163.0,False
2024-02-19,Papaya,Fruits,kg,185.0,False
2024-02-26,Papaya,Fruits,kg,203.0,False
2024-03-04,Papaya,Fruits,kg,205.0,False
2024-03-11,Papaya,Fruits,kg,203.0,False
2024-03-18,Papaya,Fruits,kg,202.0,False
2024-03-25,Papaya,Fruits,kg,196.0,False
2024-04-01,Papaya,Fruits,kg,209.0,False
2024-04-08,Papaya,Fruits,kg,218.0,False
2024-04-15,Papaya,Fruits,kg,202.0,False
2024-04-22,Papaya,Fruits,kg,208.0,False
2024-04-29,Papaya,Fruits,kg,234.0,False
2024-05-06,Papaya,Fruits,kg,241.0,False
2024-05-13,Papaya,Fruits,kg,219.0,False
2024-05-20,Papaya,Fruits,kg,216.0,False
2024-05-27,Papaya,Fruits,kg,226.0,False
2024-06-03,Papaya,Fruits,kg,204.0,False
2024-06-10,Papaya,Fruits,kg,216.0,False
2024-06-17,Papaya,Fruits,kg,217.0,False
2024-06-24,Papaya,Fruits,kg,220.0,False
2024-07-01,Papaya,Fruits,kg,234.0,False
2024-07-08,Papaya,Fruits,kg,225.0,False
2024-07-15,Papaya,Fruits,kg,217.0,False
2024-07-22,Papaya,Fruits,kg,191.0,False
2024-07-29,Papaya,Fruits,kg,200.0,False
2024-08-05,Papaya,Fruits,kg,203.0,False
2024-08-12,Papaya,Fruits,kg,222.0,False
2024-08-19,Papaya,Fruits,kg,201.0,False
2024-08-26,Papaya,Fruits,kg,193.0,False
2024-09-02,Papaya,Fruits,kg,191.0,False
2024-09-09,Papaya,Fruits,kg,196.0,False
2024-09-16,Papaya,Fruits,kg,199.0,False
2024-09-23,Papaya,Fruits,kg,194.0,False
2024-09-30,Papaya,Fruits,kg,177.0,False
2024-10-07,Papaya,Fruits,kg,179.0,False
2024-10-14,Papaya,Fruits,kg,183.0,False
2024-10-21,Papaya,Fruits,kg,166.0,False
2024-10-28,Papaya,Fruits,kg,185.0,False
2024-11-04,Papaya,Fruits,kg,198.0,False
2024-11-11,Papaya,Fruits,kg,185.0,False
2024-11-18,Papaya,Fruits,kg,182.0,False
2024-11-25,Papaya,Fruits,kg,168.0,False
2024-12-02,Papaya,Fruits,kg,184.0,False
2024-12-09,Papaya,Fruits,kg,181.0,False
2024-12-16,Papaya,Fruits,kg,180.0,False
2024-12-23,Papaya,Fruits,kg,195.0,False
2024-12-30,Papaya,Fruits,kg,202.0,False
2025-01-06,Papaya,Fruits,kg,208.0,False
2025-01-13,Papaya,Fruits,kg,194.0,False
2025-01-20,Papaya,Fruits,kg,212.0,False
2025-01-27,Papaya,Fruits,kg,229.0,False
2025-02-03,Papaya,Fruits,kg,219.0,False
2025-02-10,Papaya,Fruits,kg,193.0,False
2025-02-17,Papaya,Fruits,kg,200.0,False
2025-02-24,Papaya,Fruits,kg,236.0,False
2025-03-03,Papaya,Fruits,kg,222.0,False
2025-03-10,Papaya,Fruits,kg,222.0,False
2025-03-17,Papaya,Fruits,kg,242.0,False
2025-03-24,Papaya,Fruits,kg,237.0,False
2025-03-31,Papaya,Fruits,kg,252.0,False
2025-04-07,Papaya,Fruits,kg,219.0,False
2025-04-14,Papaya,Fruits,kg,263.0,False
2025-04-21,Papaya,Fruits,kg,267.0,False
2025-04-28,Papaya,Fruits,kg,278.0,False
2025-05-05,Papaya,Fruits,kg,291.0,False
2025-05-12,Papaya,Fruits,kg,260.0,False
2025-05-19,Papaya,Fruits,kg,250.0,False
2025-05-26,Papaya,Fruits,kg,272.0,False
2025-06-02,Papaya,Fruits,kg,247.0,False
2025-06-09,Papaya,Fruits,kg,248.0,False
2025-06-16,Papaya,Fruits,kg,250.0,False
2025-06-23,Papaya,Fruits,kg,255.0,False
2025-06-30,Papaya,Fruits,kg,262.0,False
2025-07-07,Papaya,Fruits,kg,265.0,False
2025-07-14,Papaya,Fruits,kg,258.0,False
2025-07-21,Papaya,Fruits,kg,254.0,False
2025-07-28,Papaya,Fruits,kg,231.0,False
2025-08-04,Papaya,Fruits,kg,232.0,False
2025-08-11,Papaya,Fruits,kg,244.0,False
2025-08-18,Papaya,Fruits,kg,246.0,False
2025-08-25,Papaya,Fruits,kg,240.0,False
2025-09-01,Papaya,Fruits,kg,233.0,False
2025-09-08,Papaya,Fruits,kg,225.0,False
2025-09-15,Papaya,Fruits,kg,210.0,False
2025-09-22,Papaya,Fruits,kg,227.0,False
2025-09-29,Papaya,Fruits,kg,212.0,False
2025-10-06,Papaya,Fruits,kg,245.0,False
2025-10-13,Papaya,Fruits,kg,220.0,False
2025-10-20,Papaya,Fruits,kg,214.0,False
2025-10-27,Papaya,Fruits,kg,206.0,False
2025-11-03,Papaya,Fruits,kg,205.0,False
2025-11-10,Papaya,Fruits,kg,218.0,False
2025-11-17,Papaya,Fruits,kg,216.0,False
2025-11-24,Papaya,Fruits,kg,213.0,False
2025-12-01,Papaya,Fruits,kg,209.0,False
2025-12-08,Papaya,Fruits,kg,205.0,False
2025-12-15,Papaya,Fruits,kg,215.0,False
2025-12-22,Papaya,Fruits,kg,195.0,False
2025-12-29,Papaya,Fruits,kg,214.0,False
2026-01-05,Papaya,Fruits,kg,222.0,False
2026-01-12,Papaya,Fruits,kg,214.0,False
2026-01-19,Papaya,Fruits,kg,267.0,False
2026-01-26,Papaya,Fruits,kg,234.0,False
2026-02-02,Papaya,Fruits,kg,249.0,False
2026-02-09,Papaya,Fruits,kg,256.0,False
2026-02-16,Papaya,Fruits,kg,247.0,False
2026-02-23,Papaya,Fruits,kg,264.0,False
2026-03-02,Papaya,Fruits,kg,296.0,False
2026-03-09,Papaya,Fruits,kg,280.0,False
2026-03-16,Papaya,Fruits,kg,294.0,False
2026-03-23,Papaya,Fruits,kg,262.0,False
2026-03-30,Papaya,Fruits,kg,274.0,False
2026-04-06,Papaya,Fruits,kg,297.0,False
2026-04-13,Papaya,Fruits,kg,287.0,False
2026-04-20,Papaya,Fruits,kg,323.0,False
2026-04-27,Papaya,Fruits,kg,319.0,False
2026-05-04,Papaya,Fruits,kg,261.0,False
2026-05-11,Papaya,Fruits,kg,307.0,False
2026-05-18,Papaya,Fruits,kg,296.0,False
2026-05-25,Papaya,Fruits,kg,308.0,False
2026-06-01,Papaya,Fruits,kg,313.0,False
2026-06-08,Papaya,Fruits,kg,299.0,False
2026-06-15,Papaya,Fruits,kg,325.0,False
2026-06-22,Papaya,Fruits,kg,282.0,False
2026-06-29,Papaya,Fruits,kg,310.0,False
2026-07-06,Papaya,Fruits,kg,314.0,False
2026-07-13,Papaya,Fruits,kg,297.0,False
2026-07-20,Papaya,Fruits,kg,283.0,False
2026-07-27,Papaya,Fruits,kg,288.0,False
2026-08-03,Papaya,Fruits,kg,291.0,False
2023-08-14,Peach,Fruits,kg,258.0,False
2023-08-21,Peach,Fruits,kg,241.0,False
2023-08-28,Peach,Fruits,kg,232.0,False
2023-09-04,Peach,Fruits,kg,241.0,False
2023-09-11,Peach,Fruits,kg,237.0,False
2023-09-18,Peach,Fruits,kg,229.0,False
2023-09-25,Peach,Fruits,kg,217.0,False
2023-10-02,Peach,Fruits,kg,204.0,False
2023-10-09,Peach,Fruits,kg,220.0,False
2023-10-16,Peach,Fruits,kg,186.0,False
2023-10-23,Peach,Fruits,kg,206.0,False
2023-10-30,Peach,Fruits,kg,211.0,False
2023-11-06,Peach,Fruits,kg,178.0,False
2023-11-13,Peach,Fruits,kg,167.0,False
2023-11-20,Peach,Fruits,kg,184.0,False
2023-11-27,Peach,Fruits,kg,143.0,False
2023-12-04,Peach,Fruits,kg,179.0,False
2023-12-11,Peach,Fruits,kg,189.0,False
2023-12-18,Peach,Fruits,kg,172.0,False
2023-12-25,Peach,Fruits,kg,171.0,False
2024-01-01,Peach,Fruits,kg,179.0,False
2024-01-08,Peach,Fruits,kg,191.0,False
2024-01-15,Peach,Fruits,kg,181.0,False
2024-01-22,Peach,Fruits,kg,198.0,False
2024-01-29,Peach,Fruits,kg,217.0,False
2024-02-05,Peach,Fruits,kg,183.0,False
2024-02-12,Peach,Fruits,kg,183.0,False
2024-02-19,Peach,Fruits,kg,206.0,False
2024-02-26,Peach,Fruits,kg,216.0,False
2024-03-04,Peach,Fruits,kg,210.0,False
2024-03-11,Peach,Fruits,kg,238.0,False
2024-03-18,Peach,Fruits,kg,246.0,False
2024-03-25,Peach,Fruits,kg,246.0,False
2024-04-01,Peach,Fruits,kg,249.0,False
2024-04-08,Peach,Fruits,kg,284.0,False
2024-04-15,Peach,Fruits,kg,274.0,False
2024-04-22,Peach,Fruits,kg,296.0,False
2024-04-29,Peach,Fruits,kg,308.0,False
2024-05-06,Peach,Fruits,kg,273.0,False
2024-05-13,Peach,Fruits,kg,298.0,False
2024-05-20,Peach,Fruits,kg,277.0,False
2024-05-27,Peach,Fruits,kg,312.0,False
2024-06-03,Peach,Fruits,kg,295.0,False
2024-06-10,Peach,Fruits,kg,288.0,False
2024-06-17,Peach,Fruits,kg,274.0,False
2024-06-24,Peach,Fruits,kg,300.0,False
2024-07-01,Peach,Fruits,kg,285.0,False
2024-07-08,Peach,Fruits,kg,314.0,False
2024-07-15,Peach,Fruits,kg,333.0,False
2024-07-22,Peach,Fruits,kg,320.0,False
2024-07-29,Peach,Fruits,kg,333.0,False
2024-08-05,Peach,Fruits,kg,273.0,False
2024-08-12,Peach,Fruits,kg,293.0,False
2024-08-19,Peach,Fruits,kg,260.0,False
2024-08-26,Peach,Fruits,kg,306.0,False
2024-09-02,Peach,Fruits,kg,254.0,False
2024-09-09,Peach,Fruits,kg,289.0,False
2024-09-16,Peach,Fruits,kg,247.0,False
2024-09-23,Peach,Fruits,kg,231.0,False
2024-09-30,Peach,Fruits,kg,253.0,False
2024-10-07,Peach,Fruits,kg,234.0,False
2024-10-14,Peach,Fruits,kg,226.0,False
2024-10-21,Peach,Fruits,kg,219.0,False
2024-10-28,Peach,Fruits,kg,240.0,False
2024-11-04,Peach,Fruits,kg,204.0,False
2024-11-11,Peach,Fruits,kg,235.0,False
2024-11-18,Peach,Fruits,kg,223.0,False
2024-11-25,Peach,Fruits,kg,209.0,False
2024-12-02,Peach,Fruits,kg,224.0,False
2024-12-09,Peach,Fruits,kg,197.0,False
2024-12-16,Peach,Fruits,kg,207.0,False
2024-12-23,Peach,Fruits,kg,202.0,False
2024-12-30,Peach,Fruits,kg,227.0,False
2025-01-06,Peach,Fruits,kg,217.0,False
2025-01-13,Peach,Fruits,kg,200.0,False
2025-01-20,Peach,Fruits,kg,222.0,False
2025-01-27,Peach,Fruits,kg,213.0,False
2025-02-03,Peach,Fruits,kg,215.0,False
2025-02-10,Peach,Fruits,kg,227.0,False
2025-02-17,Peach,Fruits,kg,234.0,False
2025-02-24,Peach,Fruits,kg,278.0,False
2025-03-03,Peach,Fruits,kg,277.0,False
2025-03-10,Peach,Fruits,kg,314.0,False
2025-03-17,Peach,Fruits,kg,270.0,False
2025-03-24,Peach,Fruits,kg,309.0,False
2025-03-31,Peach,Fruits,kg,297.0,False
2025-04-07,Peach,Fruits,kg,354.0,False
2025-04-14,Peach,Fruits,kg,311.0,False
2025-04-21,Peach,Fruits,kg,324.0,False
2025-04-28,Peach,Fruits,kg,338.0,False
2025-05-05,Peach,Fruits,kg,354.0,False
2025-05-12,Peach,Fruits,kg,356.0,False
2025-05-19,Peach,Fruits,kg,410.0,False
2025-05-26,Peach,Fruits,kg,355.0,False
2025-06-02,Peach,Fruits,kg,346.0,False
2025-06-09,Peach,Fruits,kg,342.0,False
2025-06-16,Peach,Fruits,kg,393.0,False
2025-06-23,Peach,Fruits,kg,412.0,False
2025-06-30,Peach,Fruits,kg,333.0,False
2025-07-07,Peach,Fruits,kg,323.0,False
2025-07-14,Peach,Fruits,kg,351.0,False
2025-07-21,Peach,Fruits,kg,367.0,False
2025-07-28,Peach,Fruits,kg,342.0,False
2025-08-04,Peach,Fruits,kg,332.0,False
2025-08-11,Peach,Fruits,kg,342.0,False
2025-08-18,Peach,Fruits,kg,306.0,False
2025-08-25,Peach,Fruits,kg,344.0,False
2025-09-01,Peach,Fruits,kg,301.0,False
2025-09-08,Peach,Fruits,kg,327.0,False
2025-09-15,Peach,Fruits,kg,314.0,False
2025-09-22,Peach,Fruits,kg,293.0,False
2025-09-29,Peach,Fruits,kg,314.0,False
2025-10-06,Peach,Fruits,kg,266.0,False
2025-10-13,Peach,Fruits,kg,267.0,False
2025-10-20,Peach,Fruits,kg,297.0,False
2025-10-27,Peach,Fruits,kg,257.0,False
2025-11-03,Peach,Fruits,kg,255.0,False
2025-11-10,Peach,Fruits,kg,258.0,False
2025-11-17,Peach,Fruits,kg,257.0,False
2025-11-24,Peach,Fruits,kg,266.0,False
2025-12-01,Peach,Fruits,kg,275.0,False
2025-12-08,Peach,Fruits,kg,240.0,False
2025-12-15,Peach,Fruits,kg,219.0,False
2025-12-22,Peach,Fruits,kg,268.0,False
2025-12-29,Peach,Fruits,kg,274.0,False
2026-01-05,Peach,Fruits,kg,243.0,False
2026-01-12,Peach,Fruits,kg,273.0,False
2026-01-19,Peach,Fruits,kg,218.0,False
2026-01-26,Peach,Fruits,kg,275.0,False
2026-02-02,Peach,Fruits,kg,306.0,False
2026-02-09,Peach,Fruits,kg,281.0,False
2026-02-16,Peach,Fruits,kg,312.0,False
2026-02-23,Peach,Fruits,kg,301.0,False
2026-03-02,Peach,Fruits,kg,336.0,False
2026-03-09,Peach,Fruits,kg,305.0,False
2026-03-16,Peach,Fruits,kg,351.0,False
2026-03-23,Peach,Fruits,kg,355.0,False
2026-03-30,Peach,Fruits,kg,360.0,False
2026-04-06,Peach,Fruits,kg,336.0,False
2026-04-13,Peach,Fruits,kg,392.0,False
2026-04-20,Peach,Fruits,kg,366.0,False
2026-04-27,Peach,Fruits,kg,486.0,False
2026-05-04,Peach,Fruits,kg,433.0,False
2026-05-11,Peach,Fruits,kg,403.0,False
2026-05-18,Peach,Fruits,kg,424.0,False
2026-05-25,Peach,Fruits,kg,408.0,False
2026-06-01,Peach,Fruits,kg,451.0,False
2026-06-08,Peach,Fruits,kg,430.0,False
2026-06-15,Peach,Fruits,kg,448.0,False
2026-06-22,Peach,Fruits,kg,505.0,False
2026-06-29,Peach,Fruits,kg,429.0,False
2026-07-06,Peach,Fruits,kg,496.0,False
2026-07-13,Peach,Fruits,kg,418.0,False
2026-07-20,Peach,Fruits,kg,415.0,False
2026-07-27,Peach,Fruits,kg,423.0,False
2026-08-03,Peach,Fruits,kg,442.0,False
2023-08-14,Plum,Fruits,kg,229.0,False
2023-08-21,Plum,Fruits,kg,237.0,False
2023-08-28,Plum,Fruits,kg,230.0,False
2023-09-04,Plum,Fruits,kg,199.0,False
2023-09-11,Plum,Fruits,kg,210.0,False
2023-09-18,Plum,Fruits,kg,205.0,False
2023-09-25,Plum,Fruits,kg,202.0,False
2023-10-02,Plum,Fruits,kg,214.0,False
2023-10-09,Plum,Fruits,kg,195.0,False
2023-10-16,Plum,Fruits,kg,194.0,False
2023-10-23,Plum,Fruits,kg,185.0,False
2023-10-30,Plum,Fruits,kg,210.0,False
2023-11-06,Plum,Fruits,kg,209.0,False
2023-11-13,Plum,Fruits,kg,166.0,False
2023-11-20,Plum,Fruits,kg,168.0,False
2023-11-27,Plum,Fruits,kg,171.0,False
2023-12-04,Plum,Fruits,kg,152.0,False
2023-12-11,Plum,Fruits,kg,173.0,False
2023-12-18,Plum,Fruits,kg,179.0,False
2023-12-25,Plum,Fruits,kg,152.0,False
2024-01-01,Plum,Fruits,kg,191.0,False
2024-01-08,Plum,Fruits,kg,180.0,False
2024-01-15,Plum,Fruits,kg,185.0,False
2024-01-22,Plum,Fruits,kg,191.0,False
2024-01-29,Plum,Fruits,kg,206.0,False
2024-02-05,Plum,Fruits,kg,216.0,False
2024-02-12,Plum,Fruits,kg,228.0,False
2024-02-19,Plum,Fruits,kg,243.0,False
2024-02-26,Plum,Fruits,kg,226.0,False
2024-03-04,Plum,Fruits,kg,243.0,False
2024-03-11,Plum,Fruits,kg,228.0,False
2024-03-18,Plum,Fruits,kg,228.0,False
2024-03-25,Plum,Fruits,kg,243.0,False
2024-04-01,Plum,Fruits,kg,242.0,False
2024-04-08,Plum,Fruits,kg,281.0,False
2024-04-15,Plum,Fruits,kg,287.0,False
2024-04-22,Plum,Fruits,kg,256.0,False
2024-04-29,Plum,Fruits,kg,314.0,False
2024-05-06,Plum,Fruits,kg,319.0,False
2024-05-13,Plum,Fruits,kg,271.0,False
2024-05-20,Plum,Fruits,kg,321.0,False
2024-05-27,Plum,Fruits,kg,272.0,False
2024-06-03,Plum,Fruits,kg,308.0,False
2024-06-10,Plum,Fruits,kg,337.0,False
2024-06-17,Plum,Fruits,kg,343.0,False
2024-06-24,Plum,Fruits,kg,336.0,False
2024-07-01,Plum,Fruits,kg,309.0,False
2024-07-08,Plum,Fruits,kg,349.0,False
2024-07-15,Plum,Fruits,kg,274.0,False
2024-07-22,Plum,Fruits,kg,342.0,False
2024-07-29,Plum,Fruits,kg,299.0,False
2024-08-05,Plum,Fruits,kg,303.0,False
2024-08-12,Plum,Fruits,kg,290.0,False
2024-08-19,Plum,Fruits,kg,305.0,False
2024-08-26,Plum,Fruits,kg,291.0,False
2024-09-02,Plum,Fruits,kg,286.0,False
2024-09-09,Plum,Fruits,kg,276.0,False
2024-09-16,Plum,Fruits,kg,236.0,False
2024-09-23,Plum,Fruits,kg,268.0,False
2024-09-30,Plum,Fruits,kg,228.0,False
2024-10-07,Plum,Fruits,kg,255.0,False
2024-10-14,Plum,Fruits,kg,238.0,False
2024-10-21,Plum,Fruits,kg,238.0,False
2024-10-28,Plum,Fruits,kg,226.0,False
2024-11-04,Plum,Fruits,kg,221.0,False
2024-11-11,Plum,Fruits,kg,212.0,False
2024-11-18,Plum,Fruits,kg,172.0,False
2024-11-25,Plum,Fruits,kg,188.0,False
2024-12-02,Plum,Fruits,kg,213.0,False
2024-12-09,Plum,Fruits,kg,217.0,False
2024-12-16,Plum,Fruits,kg,221.0,False
2024-12-23,Plum,Fruits,kg,228.0,False
2024-12-30,Plum,Fruits,kg,223.0,False
2025-01-06,Plum,Fruits,kg,215.0,False
2025-01-13,Plum,Fruits,kg,210.0,False
2025-01-20,Plum,Fruits,kg,200.0,False
2025-01-27,Plum,Fruits,kg,244.0,False
2025-02-03,Plum,Fruits,kg,221.0,False
2025-02-10,Plum,Fruits,kg,258.0,False
2025-02-17,Plum,Fruits,kg,254.0,False
2025-02-24,Plum,Fruits,kg,254.0,False
2025-03-03,Plum,Fruits,kg,281.0,False
2025-03-10,Plum,Fruits,kg,322.0,False
2025-03-17,Plum,Fruits,kg,334.0,False
2025-03-24,Plum,Fruits,kg,287.0,False
2025-03-31,Plum,Fruits,kg,296.0,False
2025-04-07,Plum,Fruits,kg,343.0,False
2025-04-14,Plum,Fruits,kg,323.0,False
2025-04-21,Plum,Fruits,kg,375.0,False
2025-04-28,Plum,Fruits,kg,343.0,False
2025-05-05,Plum,Fruits,kg,336.0,False
2025-05-12,Plum,Fruits,kg,332.0,False
2025-05-19,Plum,Fruits,kg,367.0,False
2025-05-26,Plum,Fruits,kg,382.0,False
2025-06-02,Plum,Fruits,kg,340.0,False
2025-06-09,Plum,Fruits,kg,402.0,False
2025-06-16,Plum,Fruits,kg,396.0,False
2025-06-23,Plum,Fruits,kg,386.0,False
2025-06-30,Plum,Fruits,kg,338.0,False
2025-07-07,Plum,Fruits,kg,388.0,False
2025-07-14,Plum,Fruits,kg,372.0,False
2025-07-21,Plum,Fruits,kg,396.0,False
2025-07-28,Plum,Fruits,kg,390.0,False
2025-08-04,Plum,Fruits,kg,318.0,False
2025-08-11,Plum,Fruits,kg,335.0,False
2025-08-18,Plum,Fruits,kg,357.0,False
2025-08-25,Plum,Fruits,kg,331.0,False
2025-09-01,Plum,Fruits,kg,309.0,False
2025-09-08,Plum,Fruits,kg,332.0,False
2025-09-15,Plum,Fruits,kg,333.0,False
2025-09-22,Plum,Fruits,kg,287.0,False
2025-09-29,Plum,Fruits,kg,279.0,False
2025-10-06,Plum,Fruits,kg,247.0,False
2025-10-13,Plum,Fruits,kg,282.0,False
2025-10-20,Plum,Fruits,kg,284.0,False
2025-10-27,Plum,Fruits,kg,228.0,False
2025-11-03,Plum,Fruits,kg,268.0,False
2025-11-10,Plum,Fruits,kg,269.0,False
2025-11-17,Plum,Fruits,kg,237.0,False
2025-11-24,Plum,Fruits,kg,221.0,False
2025-12-01,Plum,Fruits,kg,248.0,False
2025-12-08,Plum,Fruits,kg,232.0,False
2025-12-15,Plum,Fruits,kg,238.0,False
2025-12-22,Plum,Fruits,kg,240.0,False
2025-12-29,Plum,Fruits,kg,201.0,False
2026-01-05,Plum,Fruits,kg,265.0,False
2026-01-12,Plum,Fruits,kg,287.0,False
2026-01-19,Plum,Fruits,kg,233.0,False
2026-01-26,Plum,Fruits,kg,295.0,False
2026-02-02,Plum,Fruits,kg,267.0,False
2026-02-09,Plum,Fruits,kg,307.0,False
2026-02-16,Plum,Fruits,kg,264.0,False
2026-02-23,Plum,Fruits,kg,324.0,False
2026-03-02,Plum,Fruits,kg,320.0,False
2026-03-09,Plum,Fruits,kg,359.0,False
2026-03-16,Plum,Fruits,kg,351.0,False
2026-03-23,Plum,Fruits,kg,364.0,False
2026-03-30,Plum,Fruits,kg,353.0,False
2026-04-06,Plum,Fruits,kg,359.0,False
2026-04-13,Plum,Fruits,kg,319.0,False
2026-04-20,Plum,Fruits,kg,392.0,False
2026-04-27,Plum,Fruits,kg,430.0,False
2026-05-04,Plum,Fruits,kg,445.0,False
2026-05-11,Plum,Fruits,kg,347.0,False
2026-05-18,Plum,Fruits,kg,400.0,False
2026-05-25,Plum,Fruits,kg,407.0,False
2026-06-01,Plum,Fruits,kg,484.0,False
2026-06-08,Plum,Fruits,kg,436.0,False
2026-06-15,Plum,Fruits,kg,448.0,False
2026-06-22,Plum,Fruits,kg,482.0,False
2026-06-29,Plum,Fruits,kg,423.0,False
2026-07-06,Plum,Fruits,kg,436.0,False
2026-07-13,Plum,Fruits,kg,486.0,False
2026-07-20,Plum,Fruits,kg,461.0,False
2026-07-27,Plum,Fruits,kg,435.0,False
2026-08-03,Plum,Fruits,kg,359.0,False
2023-08-14,Pomegranate,Fruits,kg,373.0,False
2023-08-21,Pomegranate,Fruits,kg,403.0,False
2023-08-28,Pomegranate,Fruits,kg,432.0,False
2023-09-04,Pomegranate,Fruits,kg,412.0,False
2023-09-11,Pomegranate,Fruits,kg,387.0,False
2023-09-18,Pomegranate,Fruits,kg,409.0,False
2023-09-25,Pomegranate,Fruits,kg,418.0,False
2023-10-02,Pomegranate,Fruits,kg,385.0,False
2023-10-09,Pomegranate,Fruits,kg,437.0,False
2023-10-16,Pomegranate,Fruits,kg,449.0,False
2023-10-23,Pomegranate,Fruits,kg,402.0,False
2023-10-30,Pomegranate,Fruits,kg,436.0,False
2023-11-06,Pomegranate,Fruits,kg,470.0,False
2023-11-13,Pomegranate,Fruits,kg,414.0,False
2023-11-20,Pomegranate,Fruits,kg,438.0,False
2023-11-27,Pomegranate,Fruits,kg,438.0,False
2023-12-04,Pomegranate,Fruits,kg,408.0,False
2023-12-11,Pomegranate,Fruits,kg,405.0,False
2023-12-18,Pomegranate,Fruits,kg,414.0,False
2023-12-25,Pomegranate,Fruits,kg,411.0,False
2024-01-01,Pomegranate,Fruits,kg,425.0,False
2024-01-08,Pomegranate,Fruits,kg,382.0,False
2024-01-15,Pomegranate,Fruits,kg,398.0,False
2024-01-22,Pomegranate,Fruits,kg,364.0,False
2024-01-29,Pomegranate,Fruits,kg,343.0,False
2024-02-05,Pomegranate,Fruits,kg,343.0,False
2024-02-12,Pomegranate,Fruits,kg,324.0,False
2024-02-19,Pomegranate,Fruits,kg,353.0,False
2024-02-26,Pomegranate,Fruits,kg,320.0,False
2024-03-04,Pomegranate,Fruits,kg,358.0,False
2024-03-11,Pomegranate,Fruits,kg,334.0,False
2024-03-18,Pomegranate,Fruits,kg,342.0,False
2024-03-25,Pomegranate,Fruits,kg,315.0,False
2024-04-01,Pomegranate,Fruits,kg,316.0,False
2024-04-08,Pomegranate,Fruits,kg,323.0,False
2024-04-15,Pomegranate,Fruits,kg,287.0,False
2024-04-22,Pomegranate,Fruits,kg,337.0,False
2024-04-29,Pomegranate,Fruits,kg,310.0,False
2024-05-06,Pomegranate,Fruits,kg,321.0,False
2024-05-13,Pomegranate,Fruits,kg,308.0,False
2024-05-20,Pomegranate,Fruits,kg,375.0,False
2024-05-27,Pomegranate,Fruits,kg,312.0,False
2024-06-03,Pomegranate,Fruits,kg,348.0,False
2024-06-10,Pomegranate,Fruits,kg,350.0,False
2024-06-17,Pomegranate,Fruits,kg,422.0,False
2024-06-24,Pomegranate,Fruits,kg,392.0,False
2024-07-01,Pomegranate,Fruits,kg,405.0,False
2024-07-08,Pomegranate,Fruits,kg,410.0,False
2024-07-15,Pomegranate,Fruits,kg,383.0,False
2024-07-22,Pomegranate,Fruits,kg,347.0,False
2024-07-29,Pomegranate,Fruits,kg,413.0,False
2024-08-05,Pomegranate,Fruits,kg,430.0,False
2024-08-12,Pomegranate,Fruits,kg,506.0,False
2024-08-19,Pomegranate,Fruits,kg,432.0,False
2024-08-26,Pomegranate,Fruits,kg,480.0,False
2024-09-02,Pomegranate,Fruits,kg,477.0,False
2024-09-09,Pomegranate,Fruits,kg,483.0,False
2024-09-16,Pomegranate,Fruits,kg,492.0,False
2024-09-23,Pomegranate,Fruits,kg,458.0,False
2024-09-30,Pomegranate,Fruits,kg,512.0,False
2024-10-07,Pomegranate,Fruits,kg,487.0,False
2024-10-14,Pomegranate,Fruits,kg,472.0,False
2024-10-21,Pomegranate,Fruits,kg,450.0,False
2024-10-28,Pomegranate,Fruits,kg,505.0,False
2024-11-04,Pomegranate,Fruits,kg,466.0,False
2024-11-11,Pomegranate,Fruits,kg,513.0,False
2024-11-18,Pomegranate,Fruits,kg,503.0,False
2024-11-25,Pomegranate,Fruits,kg,459.0,False
2024-12-02,Pomegranate,Fruits,kg,489.0,False
2024-12-09,Pomegranate,Fruits,kg,470.0,False
2024-12-16,Pomegranate,Fruits,kg,475.0,False
2024-12-23,Pomegranate,Fruits,kg,442.0,False
2024-12-30,Pomegranate,Fruits,kg,471.0,False
2025-01-06,Pomegranate,Fruits,kg,459.0,False
2025-01-13,Pomegranate,Fruits,kg,462.0,False
2025-01-20,Pomegranate,Fruits,kg,440.0,False
2025-01-27,Pomegranate,Fruits,kg,459.0,False
2025-02-03,Pomegranate,Fruits,kg,426.0,False
2025-02-10,Pomegranate,Fruits,kg,418.0,False
2025-02-17,Pomegranate,Fruits,kg,368.0,False
2025-02-24,Pomegranate,Fruits,kg,427.0,False
2025-03-03,Pomegranate,Fruits,kg,401.0,False
2025-03-10,Pomegranate,Fruits,kg,377.0,False
2025-03-17,Pomegranate,Fruits,kg,361.0,False
2025-03-24,Pomegranate,Fruits,kg,388.0,False
2025-03-31,Pomegranate,Fruits,kg,358.0,False
2025-04-07,Pomegranate,Fruits,kg,393.0,False
2025-04-14,Pomegranate,Fruits,kg,373.0,False
2025-04-21,Pomegranate,Fruits,kg,423.0,False
2025-04-28,Pomegranate,Fruits,kg,377.0,False
2025-05-05,Pomegranate,Fruits,kg,343.0,False
2025-05-12,Pomegranate,Fruits,kg,362.0,False
2025-05-19,Pomegranate,Fruits,kg,367.0,False
2025-05-26,Pomegranate,Fruits,kg,398.0,False
2025-06-02,Pomegranate,Fruits,kg,384.0,False
2025-06-09,Pomegranate,Fruits,kg,384.0,False
2025-06-16,Pomegranate,Fruits,kg,403.0,False
2025-06-23,Pomegranate,Fruits,kg,480.0,False
2025-06-30,Pomegranate,Fruits,kg,503.0,False
2025-07-07,Pomegranate,Fruits,kg,491.0,False
2025-07-14,Pomegranate,Fruits,kg,529.0,False
2025-07-21,Pomegranate,Fruits,kg,459.0,False
2025-07-28,Pomegranate,Fruits,kg,521.0,False
2025-08-04,Pomegranate,Fruits,kg,506.0,False
2025-08-11,Pomegranate,Fruits,kg,505.0,False
2025-08-18,Pomegranate,Fruits,kg,581.0,False
2025-08-25,Pomegranate,Fruits,kg,583.0,False
2025-09-01,Pomegranate,Fruits,kg,604.0,False
2025-09-08,Pomegranate,Fruits,kg,607.0,False
2025-09-15,Pomegranate,Fruits,kg,594.0,False
2025-09-22,Pomegranate,Fruits,kg,561.0,False
2025-09-29,Pomegranate,Fruits,kg,572.0,False
2025-10-06,Pomegranate,Fruits,kg,561.0,False
2025-10-13,Pomegranate,Fruits,kg,617.0,False
2025-10-20,Pomegranate,Fruits,kg,613.0,False
2025-10-27,Pomegranate,Fruits,kg,581.0,False
2025-11-03,Pomegranate,Fruits,kg,632.0,False
2025-11-10,Pomegranate,Fruits,kg,669.0,False
2025-11-17,Pomegranate,Fruits,kg,593.0,False
2025-11-24,Pomegranate,Fruits,kg,633.0,False
2025-12-01,Pomegranate,Fruits,kg,527.0,False
2025-12-08,Pomegranate,Fruits,kg,580.0,False
2025-12-15,Pomegranate,Fruits,kg,547.0,False
2025-12-22,Pomegranate,Fruits,kg,575.0,False
2025-12-29,Pomegranate,Fruits,kg,516.0,False
2026-01-05,Pomegranate,Fruits,kg,523.0,False
2026-01-12,Pomegranate,Fruits,kg,518.0,False
2026-01-19,Pomegranate,Fruits,kg,459.0,False
2026-01-26,Pomegranate,Fruits,kg,554.0,False
2026-02-02,Pomegranate,Fruits,kg,492.0,False
2026-02-09,Pomegranate,Fruits,kg,450.0,False
2026-02-16,Pomegranate,Fruits,kg,445.0,False
2026-02-23,Pomegranate,Fruits,kg,442.0,False
2026-03-02,Pomegranate,Fruits,kg,487.0,False
2026-03-09,Pomegranate,Fruits,kg,445.0,False
2026-03-16,Pomegranate,Fruits,kg,439.0,False
2026-03-23,Pomegranate,Fruits,kg,425.0,False
2026-03-30,Pomegranate,Fruits,kg,428.0,False
2026-04-06,Pomegranate,Fruits,kg,475.0,False
2026-04-13,Pomegranate,Fruits,kg,430.0,False
2026-04-20,Pomegranate,Fruits,kg,447.0,False
2026-04-27,Pomegranate,Fruits,kg,446.0,False
2026-05-04,Pomegranate,Fruits,kg,461.0,False
2026-05-11,Pomegranate,Fruits,kg,408.0,False
2026-05-18,Pomegranate,Fruits,kg,414.0,False
2026-05-25,Pomegranate,Fruits,kg,476.0,False
2026-06-01,Pomegranate,Fruits,kg,456.0,False
2026-06-08,Pomegranate,Fruits,kg,457.0,False
2026-06-15,Pomegranate,Fruits,kg,523.0,False
2026-06-22,Pomegranate,Fruits,kg,514.0,False
2026-06-29,Pomegranate,Fruits,kg,499.0,False
2026-07-06,Pomegranate,Fruits,kg,562.0,False
2026-07-13,Pomegranate,Fruits,kg,563.0,False
2026-07-20,Pomegranate,Fruits,kg,555.0,False
2026-07-27,Pomegranate,Fruits,kg,641.0,False
2026-08-03,Pomegranate,Fruits,kg,618.0,False
2023-08-14,Potato,Vegetables,kg,63.0,False
2023-08-21,Potato,Vegetables,kg,62.0,False
2023-08-28,Potato,Vegetables,kg,65.0,False
2023-09-04,Potato,Vegetables,kg,62.0,False
2023-09-11,Potato,Vegetables,kg,61.0,False
2023-09-18,Potato,Vegetables,kg,64.0,False
2023-09-25,Potato,Vegetables,kg,67.0,False
2023-10-02,Potato,Vegetables,kg,102.0,True
2023-10-09,Potato,Vegetables,kg,103.0,True
2023-10-16,Potato,Vegetables,kg,81.0,True
2023-10-23,Potato,Vegetables,kg,62.0,True
2023-10-30,Potato,Vegetables,kg,66.0,False
2023-11-06,Potato,Vegetables,kg,72.0,False
2023-11-13,Potato,Vegetables,kg,68.0,False
2023-11-20,Potato,Vegetables,kg,67.0,False
2023-11-27,Potato,Vegetables,kg,72.0,False
2023-12-04,Potato,Vegetables,kg,74.0,False
2023-12-11,Potato,Vegetables,kg,77.0,False
2023-12-18,Potato,Vegetables,kg,76.0,False
2023-12-25,Potato,Vegetables,kg,71.0,False
2024-01-01,Potato,Vegetables,kg,226.0,True
2024-01-08,Potato,Vegetables,kg,228.0,True
2024-01-15,Potato,Vegetables,kg,231.0,True
2024-01-22,Potato,Vegetables,kg,238.0,True
2024-01-29,Potato,Vegetables,kg,81.0,True
2024-02-05,Potato,Vegetables,kg,77.0,False
2024-02-12,Potato,Vegetables,kg,82.0,False
2024-02-19,Potato,Vegetables,kg,88.0,False
2024-02-26,Potato,Vegetables,kg,83.0,False
2024-03-04,Potato,Vegetables,kg,88.0,False
2024-03-11,Potato,Vegetables,kg,90.0,False
2024-03-18,Potato,Vegetables,kg,86.0,False
2024-03-25,Potato,Vegetables,kg,81.0,False
2024-04-01,Potato,Vegetables,kg,78.0,False
2024-04-08,Potato,Vegetables,kg,80.0,False
2024-04-15,Potato,Vegetables,kg,88.0,False
2024-04-22,Potato,Vegetables,kg,87.0,False
2024-04-29,Potato,Vegetables,kg,89.0,False
2024-05-06,Potato,Vegetables,kg,83.0,False
2024-05-13,Potato,Vegetables,kg,84.0,False
2024-05-20,Potato,Vegetables,kg,141.0,True
2024-05-27,Potato,Vegetables,kg,200.0,True
2024-06-03,Potato,Vegetables,kg,204.0,True
2024-06-10,Potato,Vegetables,kg,75.0,True
2024-06-17,Potato,Vegetables,kg,82.0,False
2024-06-24,Potato,Vegetables,kg,76.0,False
2024-07-01,Potato,Vegetables,kg,74.0,False
2024-07-08,Potato,Vegetables,kg,80.0,False
2024-07-15,Potato,Vegetables,kg,71.0,False
2024-07-22,Potato,Vegetables,kg,80.0,False
2024-07-29,Potato,Vegetables,kg,80.0,False
2024-08-05,Potato,Vegetables,kg,75.0,False
2024-08-12,Potato,Vegetables,kg,76.0,False
2024-08-19,Potato,Vegetables,kg,69.0,False
2024-08-26,Potato,Vegetables,kg,77.0,False
2024-09-02,Potato,Vegetables,kg,70.0,False
2024-09-09,Potato,Vegetables,kg,71.0,False
2024-09-16,Potato,Vegetables,kg,72.0,False
2024-09-23,Potato,Vegetables,kg,76.0,False
2024-09-30,Potato,Vegetables,kg,78.0,False
2024-10-07,Potato,Vegetables,kg,74.0,False
2024-10-14,Potato,Vegetables,kg,69.0,False
2024-10-21,Potato,Vegetables,kg,81.0,False
2024-10-28,Potato,Vegetables,kg,80.0,False
2024-11-04,Potato,Vegetables,kg,76.0,False
2024-11-11,Potato,Vegetables,kg,81.0,False
2024-11-18,Potato,Vegetables,kg,78.0,False
2024-11-25,Potato,Vegetables,kg,82.0,False
2024-12-02,Potato,Vegetables,kg,82.0,False
2024-12-09,Potato,Vegetables,kg,98.0,False
2024-12-16,Potato,Vegetables,kg,86.0,False
2024-12-23,Potato,Vegetables,kg,92.0,False
2024-12-30,Potato,Vegetables,kg,97.0,False
2025-01-06,Potato,Vegetables,kg,92.0,False
2025-01-13,Potato,Vegetables,kg,97.0,False
2025-01-20,Potato,Vegetables,kg,95.0,False
2025-01-27,Potato,Vegetables,kg,93.0,False
2025-02-03,Potato,Vegetables,kg,97.0,False
2025-02-10,Potato,Vegetables,kg,92.0,False
2025-02-17,Potato,Vegetables,kg,93.0,False
2025-02-24,Potato,Vegetables,kg,103.0,False
2025-03-03,Potato,Vegetables,kg,100.0,False
2025-03-10,Potato,Vegetables,kg,99.0,False
2025-03-17,Potato,Vegetables,kg,101.0,False
2025-03-24,Potato,Vegetables,kg,97.0,False
2025-03-31,Potato,Vegetables,kg,93.0,False
2025-04-07,Potato,Vegetables,kg,101.0,False
2025-04-14,Potato,Vegetables,kg,94.0,False
2025-04-21,Potato,Vegetables,kg,101.0,False
2025-04-28,Potato,Vegetables,kg,98.0,False
2025-05-05,Potato,Vegetables,kg,100.0,False
2025-05-12,Potato,Vegetables,kg,106.0,False
2025-05-19,Potato,Vegetables,kg,100.0,False
2025-05-26,Potato,Vegetables,kg,103.0,False
2025-06-02,Potato,Vegetables,kg,91.0,False
2025-06-09,Potato,Vegetables,kg,94.0,False
2025-06-16,Potato,Vegetables,kg,100.0,False
2025-06-23,Potato,Vegetables,kg,92.0,False
2025-06-30,Potato,Vegetables,kg,93.0,False
2025-07-07,Potato,Vegetables,kg,88.0,False
2025-07-14,Potato,Vegetables,kg,89.0,False
2025-07-21,Potato,Vegetables,kg,96.0,False
2025-07-28,Potato,Vegetables,kg,99.0,False
2025-08-04,Potato,Vegetables,kg,87.0,False
2025-08-11,Potato,Vegetables,kg,87.0,False
2025-08-18,Potato,Vegetables,kg,92.0,False
2025-08-25,Potato,Vegetables,kg,92.0,False
2025-09-01,Potato,Vegetables,kg,84.0,False
2025-09-08,Potato,Vegetables,kg,80.0,False
2025-09-15,Potato,Vegetables,kg,89.0,False
2025-09-22,Potato,Vegetables,kg,82.0,False
2025-09-29,Potato,Vegetables,kg,102.0,False
2025-10-06,Potato,Vegetables,kg,92.0,False
2025-10-13,Potato,Vegetables,kg,92.0,False
2025-10-20,Potato,Vegetables,kg,95.0,False
2025-10-27,Potato,Vegetables,kg,98.0,False
2025-11-03,Potato,Vegetables,kg,98.0,False
2025-11-10,Potato,Vegetables,kg,99.0,False
2025-11-17,Potato,Vegetables,kg,85.0,False
2025-11-24,Potato,Vegetables,kg,89.0,False
2025-12-01,Potato,Vegetables,kg,102.0,False
2025-12-08,Potato,Vegetables,kg,97.0,False
2025-12-15,Potato,Vegetables,kg,100.0,False
2025-12-22,Potato,Vegetables,kg,113.0,False
2025-12-29,Potato,Vegetables,kg,106.0,False
2026-01-05,Potato,Vegetables,kg,110.0,False
2026-01-12,Potato,Vegetables,kg,113.0,False
2026-01-19,Potato,Vegetables,kg,122.0,False
2026-01-26,Potato,Vegetables,kg,120.0,False
2026-02-02,Potato,Vegetables,kg,110.0,False
2026-02-09,Potato,Vegetables,kg,106.0,False
2026-02-16,Potato,Vegetables,kg,115.0,False
2026-02-23,Potato,Vegetables,kg,111.0,False
2026-03-02,Potato,Vegetables,kg,123.0,False
2026-03-09,Potato,Vegetables,kg,117.0,False
2026-03-16,Potato,Vegetables,kg,124.0,False
2026-03-23,Potato,Vegetables,kg,126.0,False
2026-03-30,Potato,Vegetables,kg,121.0,False
2026-04-06,Potato,Vegetables,kg,119.0,False
2026-04-13,Potato,Vegetables,kg,112.0,False
2026-04-20,Potato,Vegetables,kg,115.0,False
2026-04-27,Potato,Vegetables,kg,117.0,False
2026-05-04,Potato,Vegetables,kg,113.0,False
2026-05-11,Potato,Vegetables,kg,113.0,False
2026-05-18,Potato,Vegetables,kg,125.0,False
2026-05-25,Potato,Vegetables,kg,111.0,False
2026-06-01,Potato,Vegetables,kg,116.0,False
2026-06-08,Potato,Vegetables,kg,109.0,False
2026-06-15,Potato,Vegetables,kg,112.0,False
2026-06-22,Potato,Vegetables,kg,106.0,False
2026-06-29,Potato,Vegetables,kg,105.0,False
2026-07-06,Potato,Vegetables,kg,107.0,False
2026-07-13,Potato,Vegetables,kg,114.0,False
2026-07-20,Potato,Vegetables,kg,107.0,False
2026-07-27,Potato,Vegetables,kg,120.0,False
2026-08-03,Potato,Vegetables,kg,101.0,False
2023-08-14,Spinach,Vegetables,kg,50.0,False
2023-08-21,Spinach,Vegetables,kg,48.0,False
2023-08-28,Spinach,Vegetables,kg,51.0,False
2023-09-04,Spinach,Vegetables,kg,49.0,False
2023-09-11,Spinach,Vegetables,kg,47.0,False
2023-09-18,Spinach,Vegetables,kg,53.0,False
2023-09-25,Spinach,Vegetables,kg,52.0,False
2023-10-02,Spinach,Vegetables,kg,56.0,False
2023-10-09,Spinach,Vegetables,kg,55.0,False
2023-10-16,Spinach,Vegetables,kg,60.0,False
2023-10-23,Spinach,Vegetables,kg,64.0,False
2023-10-30,Spinach,Vegetables,kg,61.0,False
2023-11-06,Spinach,Vegetables,kg,63.0,False
2023-11-13,Spinach,Vegetables,kg,74.0,False
2023-11-20,Spinach,Vegetables,kg,85.0,False
2023-11-27,Spinach,Vegetables,kg,75.0,False
2023-12-04,Spinach,Vegetables,kg,74.0,False
2023-12-11,Spinach,Vegetables,kg,70.0,False
2023-12-18,Spinach,Vegetables,kg,82.0,False
2023-12-25,Spinach,Vegetables,kg,78.0,False
2024-01-01,Spinach,Vegetables,kg,80.0,False
2024-01-08,Spinach,Vegetables,kg,80.0,False
2024-01-15,Spinach,Vegetables,kg,79.0,False
2024-01-22,Spinach,Vegetables,kg,91.0,False
2024-01-29,Spinach,Vegetables,kg,71.0,False
2024-02-05,Spinach,Vegetables,kg,74.0,False
2024-02-12,Spinach,Vegetables,kg,79.0,False
2024-02-19,Spinach,Vegetables,kg,82.0,False
2024-02-26,Spinach,Vegetables,kg,70.0,False
2024-03-04,Spinach,Vegetables,kg,76.0,False
2024-03-11,Spinach,Vegetables,kg,74.0,False
2024-03-18,Spinach,Vegetables,kg,76.0,False
2024-03-25,Spinach,Vegetables,kg,71.0,False
2024-04-01,Spinach,Vegetables,kg,72.0,False
2024-04-08,Spinach,Vegetables,kg,60.0,False
2024-04-15,Spinach,Vegetables,kg,71.0,False
2024-04-22,Spinach,Vegetables,kg,65.0,False
2024-04-29,Spinach,Vegetables,kg,61.0,False
2024-05-06,Spinach,Vegetables,kg,61.0,False
2024-05-13,Spinach,Vegetables,kg,58.0,False
2024-05-20,Spinach,Vegetables,kg,63.0,False
2024-05-27,Spinach,Vegetables,kg,60.0,False
2024-06-03,Spinach,Vegetables,kg,61.0,False
2024-06-10,Spinach,Vegetables,kg,55.0,False
2024-06-17,Spinach,Vegetables,kg,60.0,False
2024-06-24,Spinach,Vegetables,kg,49.0,False
2024-07-01,Spinach,Vegetables,kg,55.0,False
2024-07-08,Spinach,Vegetables,kg,47.0,False
2024-07-15,Spinach,Vegetables,kg,53.0,False
2024-07-22,Spinach,Vegetables,kg,56.0,False
2024-07-29,Spinach,Vegetables,kg,61.0,False
2024-08-05,Spinach,Vegetables,kg,60.0,False
2024-08-12,Spinach,Vegetables,kg,64.0,False
2024-08-19,Spinach,Vegetables,kg,64.0,False
2024-08-26,Spinach,Vegetables,kg,64.0,False
2024-09-02,Spinach,Vegetables,kg,64.0,False
2024-09-09,Spinach,Vegetables,kg,58.0,False
2024-09-16,Spinach,Vegetables,kg,59.0,False
2024-09-23,Spinach,Vegetables,kg,68.0,False
2024-09-30,Spinach,Vegetables,kg,75.0,False
2024-10-07,Spinach,Vegetables,kg,63.0,False
2024-10-14,Spinach,Vegetables,kg,67.0,False
2024-10-21,Spinach,Vegetables,kg,80.0,False
2024-10-28,Spinach,Vegetables,kg,75.0,False
2024-11-04,Spinach,Vegetables,kg,79.0,False
2024-11-11,Spinach,Vegetables,kg,81.0,False
2024-11-18,Spinach,Vegetables,kg,78.0,False
2024-11-25,Spinach,Vegetables,kg,84.0,False
2024-12-02,Spinach,Vegetables,kg,80.0,False
2024-12-09,Spinach,Vegetables,kg,87.0,False
2024-12-16,Spinach,Vegetables,kg,85.0,False
2024-12-23,Spinach,Vegetables,kg,85.0,False
2024-12-30,Spinach,Vegetables,kg,96.0,False
2025-01-06,Spinach,Vegetables,kg,95.0,False
2025-01-13,Spinach,Vegetables,kg,93.0,False
2025-01-20,Spinach,Vegetables,kg,86.0,False
2025-01-27,Spinach,Vegetables,kg,87.0,False
2025-02-03,Spinach,Vegetables,kg,92.0,False
2025-02-10,Spinach,Vegetables,kg,87.0,False
2025-02-17,Spinach,Vegetables,kg,76.0,False
2025-02-24,Spinach,Vegetables,kg,91.0,False
2025-03-03,Spinach,Vegetables,kg,73.0,False
2025-03-10,Spinach,Vegetables,kg,91.0,False
2025-03-17,Spinach,Vegetables,kg,82.0,False
2025-03-24,Spinach,Vegetables,kg,85.0,False
2025-03-31,Spinach,Vegetables,kg,85.0,False
2025-04-07,Spinach,Vegetables,kg,73.0,False
2025-04-14,Spinach,Vegetables,kg,74.0,False
2025-04-21,Spinach,Vegetables,kg,84.0,False
2025-04-28,Spinach,Vegetables,kg,63.0,False
2025-05-05,Spinach,Vegetables,kg,81.0,False
2025-05-12,Spinach,Vegetables,kg,75.0,False
2025-05-19,Spinach,Vegetables,kg,75.0,False
2025-05-26,Spinach,Vegetables,kg,73.0,False
2025-06-02,Spinach,Vegetables,kg,68.0,False
2025-06-09,Spinach,Vegetables,kg,57.0,False
2025-06-16,Spinach,Vegetables,kg,59.0,False
2025-06-23,Spinach,Vegetables,kg,74.0,False
2025-06-30,Spinach,Vegetables,kg,60.0,False
2025-07-07,Spinach,Vegetables,kg,70.0,False
2025-07-14,Spinach,Vegetables,kg,67.0,False
2025-07-21,Spinach,Vegetables,kg,65.0,False
2025-07-28,Spinach,Vegetables,kg,63.0,False
2025-08-04,Spinach,Vegetables,kg,67.0,False
2025-08-11,Spinach,Vegetables,kg,69.0,False
2025-08-18,Spinach,Vegetables,kg,62.0,False
2025-08-25,Spinach,Vegetables,kg,64.0,False
2025-09-01,Spinach,Vegetables,kg,73.0,False
2025-09-08,Spinach,Vegetables,kg,75.0,False
2025-09-15,Spinach,Vegetables,kg,77.0,False
2025-09-22,Spinach,Vegetables,kg,82.0,False
2025-09-29,Spinach,Vegetables,kg,80.0,False
2025-10-06,Spinach,Vegetables,kg,78.0,False
2025-10-13,Spinach,Vegetables,kg,91.0,False
2025-10-20,Spinach,Vegetables,kg,88.0,False
2025-10-27,Spinach,Vegetables,kg,98.0,False
2025-11-03,Spinach,Vegetables,kg,92.0,False
2025-11-10,Spinach,Vegetables,kg,94.0,False
2025-11-17,Spinach,Vegetables,kg,98.0,False
2025-11-24,Spinach,Vegetables,kg,103.0,False
2025-12-01,Spinach,Vegetables,kg,93.0,False
2025-12-08,Spinach,Vegetables,kg,103.0,False
2025-12-15,Spinach,Vegetables,kg,102.0,False
2025-12-22,Spinach,Vegetables,kg,99.0,False
2025-12-29,Spinach,Vegetables,kg,106.0,False
2026-01-05,Spinach,Vegetables,kg,115.0,False
2026-01-12,Spinach,Vegetables,kg,112.0,False
2026-01-19,Spinach,Vegetables,kg,117.0,False
2026-01-26,Spinach,Vegetables,kg,108.0,False
2026-02-02,Spinach,Vegetables,kg,111.0,False
2026-02-09,Spinach,Vegetables,kg,101.0,False
2026-02-16,Spinach,Vegetables,kg,110.0,False
2026-02-23,Spinach,Vegetables,kg,106.0,False
2026-03-02,Spinach,Vegetables,kg,99.0,False
2026-03-09,Spinach,Vegetables,kg,104.0,False
2026-03-16,Spinach,Vegetables,kg,99.0,False
2026-03-23,Spinach,Vegetables,kg,93.0,False
2026-03-30,Spinach,Vegetables,kg,90.0,False
2026-04-06,Spinach,Vegetables,kg,94.0,False
2026-04-13,Spinach,Vegetables,kg,94.0,False
2026-04-20,Spinach,Vegetables,kg,92.0,False
2026-04-27,Spinach,Vegetables,kg,84.0,False
2026-05-04,Spinach,Vegetables,kg,94.0,False
2026-05-11,Spinach,Vegetables,kg,98.0,False
2026-05-18,Spinach,Vegetables,kg,77.0,False
2026-05-25,Spinach,Vegetables,kg,80.0,False
2026-06-01,Spinach,Vegetables,kg,87.0,False
2026-06-08,Spinach,Vegetables,kg,82.0,False
2026-06-15,Spinach,Vegetables,kg,71.0,False
2026-06-22,Spinach,Vegetables,kg,73.0,False
2026-06-29,Spinach,Vegetables,kg,81.0,False
2026-07-06,Spinach,Vegetables,kg,73.0,False
2026-07-13,Spinach,Vegetables,kg,75.0,False
2026-07-20,Spinach,Vegetables,kg,73.0,False
2026-07-27,Spinach,Vegetables,kg,75.0,False
2026-08-03,Spinach,Vegetables,kg,79.0,False
2023-08-14,Tomato,Vegetables,kg,152.0,False
2023-08-21,Tomato,Vegetables,kg,158.0,False
2023-08-28,Tomato,Vegetables,kg,118.0,False
2023-09-04,Tomato,Vegetables,kg,143.0,False
2023-09-11,Tomato,Vegetables,kg,144.0,False
2023-09-18,Tomato,Vegetables,kg,141.0,False
2023-09-25,Tomato,Vegetables,kg,129.0,False
2023-10-02,Tomato,Vegetables,kg,143.0,False
2023-10-09,Tomato,Vegetables,kg,139.0,False
2023-10-16,Tomato,Vegetables,kg,126.0,False
2023-10-23,Tomato,Vegetables,kg,137.0,False
2023-10-30,Tomato,Vegetables,kg,125.0,False
2023-11-06,Tomato,Vegetables,kg,103.0,False
2023-11-13,Tomato,Vegetables,kg,113.0,False
2023-11-20,Tomato,Vegetables,kg,125.0,False
2023-11-27,Tomato,Vegetables,kg,118.0,False
2023-12-04,Tomato,Vegetables,kg,111.0,False
2023-12-11,Tomato,Vegetables,kg,95.0,False
2023-12-18,Tomato,Vegetables,kg,96.0,False
2023-12-25,Tomato,Vegetables,kg,78.0,False
2024-01-01,Tomato,Vegetables,kg,84.0,False
2024-01-08,Tomato,Vegetables,kg,89.0,False
2024-01-15,Tomato,Vegetables,kg,86.0,False
2024-01-22,Tomato,Vegetables,kg,93.0,False
2024-01-29,Tomato,Vegetables,kg,95.0,False
2024-02-05,Tomato,Vegetables,kg,74.0,False
2024-02-12,Tomato,Vegetables,kg,81.0,False
2024-02-19,Tomato,Vegetables,kg,86.0,False
2024-02-26,Tomato,Vegetables,kg,226.0,True
2024-03-04,Tomato,Vegetables,kg,224.0,True
2024-03-11,Tomato,Vegetables,kg,190.0,True
2024-03-18,Tomato,Vegetables,kg,85.0,True
2024-03-25,Tomato,Vegetables,kg,82.0,False
2024-04-01,Tomato,Vegetables,kg,91.0,False
2024-04-08,Tomato,Vegetables,kg,128.0,False
2024-04-15,Tomato,Vegetables,kg,111.0,False
2024-04-22,Tomato,Vegetables,kg,122.0,False
2024-04-29,Tomato,Vegetables,kg,112.0,False
2024-05-06,Tomato,Vegetables,kg,105.0,False
2024-05-13,Tomato,Vegetables,kg,118.0,False
2024-05-20,Tomato,Vegetables,kg,124.0,False
2024-05-27,Tomato,Vegetables,kg,129.0,False
2024-06-03,Tomato,Vegetables,kg,123.0,False
2024-06-10,Tomato,Vegetables,kg,145.0,False
2024-06-17,Tomato,Vegetables,kg,149.0,False
2024-06-24,Tomato,Vegetables,kg,177.0,False
2024-07-01,Tomato,Vegetables,kg,148.0,False
2024-07-08,Tomato,Vegetables,kg,160.0,False
2024-07-15,Tomato,Vegetables,kg,230.0,True
2024-07-22,Tomato,Vegetables,kg,325.0,True
2024-07-29,Tomato,Vegetables,kg,339.0,True
2024-08-05,Tomato,Vegetables,kg,288.0,True
2024-08-12,Tomato,Vegetables,kg,169.0,True
2024-08-19,Tomato,Vegetables,kg,198.0,False
2024-08-26,Tomato,Vegetables,kg,163.0,False
2024-09-02,Tomato,Vegetables,kg,182.0,False
2024-09-09,Tomato,Vegetables,kg,179.0,False
2024-09-16,Tomato,Vegetables,kg,163.0,False
2024-09-23,Tomato,Vegetables,kg,152.0,False
2024-09-30,Tomato,Vegetables,kg,149.0,False
2024-10-07,Tomato,Vegetables,kg,137.0,False
2024-10-14,Tomato,Vegetables,kg,153.0,False
2024-10-21,Tomato,Vegetables,kg,142.0,False
2024-10-28,Tomato,Vegetables,kg,161.0,False
2024-11-04,Tomato,Vegetables,kg,142.0,False
2024-11-11,Tomato,Vegetables,kg,133.0,False
2024-11-18,Tomato,Vegetables,kg,119.0,False
2024-11-25,Tomato,Vegetables,kg,119.0,False
2024-12-02,Tomato,Vegetables,kg,147.0,False
2024-12-09,Tomato,Vegetables,kg,106.0,False
2024-12-16,Tomato,Vegetables,kg,108.0,False
2024-12-23,Tomato,Vegetables,kg,104.0,False
2024-12-30,Tomato,Vegetables,kg,201.0,True
2025-01-06,Tomato,Vegetables,kg,334.0,True
2025-01-13,Tomato,Vegetables,kg,306.0,True
2025-01-20,Tomato,Vegetables,kg,211.0,True
2025-01-27,Tomato,Vegetables,kg,241.0,True
2025-02-03,Tomato,Vegetables,kg,182.0,True
2025-02-10,Tomato,Vegetables,kg,85.0,True
2025-02-17,Tomato,Vegetables,kg,92.0,False
2025-02-24,Tomato,Vegetables,kg,99.0,False
2025-03-03,Tomato,Vegetables,kg,93.0,False
2025-03-10,Tomato,Vegetables,kg,97.0,False
2025-03-17,Tomato,Vegetables,kg,111.0,False
2025-03-24,Tomato,Vegetables,kg,124.0,False
2025-03-31,Tomato,Vegetables,kg,104.0,False
2025-04-07,Tomato,Vegetables,kg,105.0,False
2025-04-14,Tomato,Vegetables,kg,111.0,False
2025-04-21,Tomato,Vegetables,kg,130.0,False
2025-04-28,Tomato,Vegetables,kg,123.0,False
2025-05-05,Tomato,Vegetables,kg,171.0,False
2025-05-12,Tomato,Vegetables,kg,165.0,False
2025-05-19,Tomato,Vegetables,kg,136.0,False
2025-05-26,Tomato,Vegetables,kg,145.0,False
2025-06-02,Tomato,Vegetables,kg,150.0,False
2025-06-09,Tomato,Vegetables,kg,152.0,False
2025-06-16,Tomato,Vegetables,kg,194.0,False
2025-06-23,Tomato,Vegetables,kg,192.0,False
2025-06-30,Tomato,Vegetables,kg,187.0,False
2025-07-07,Tomato,Vegetables,kg,187.0,False
2025-07-14,Tomato,Vegetables,kg,180.0,False
2025-07-21,Tomato,Vegetables,kg,187.0,False
2025-07-28,Tomato,Vegetables,kg,503.0,True
2025-08-04,Tomato,Vegetables,kg,405.0,True
2025-08-11,Tomato,Vegetables,kg,448.0,True
2025-08-18,Tomato,Vegetables,kg,205.0,True
2025-08-25,Tomato,Vegetables,kg,171.0,False
2025-09-01,Tomato,Vegetables,kg,187.0,False
2025-09-08,Tomato,Vegetables,kg,151.0,False
2025-09-15,Tomato,Vegetables,kg,180.0,False
2025-09-22,Tomato,Vegetables,kg,227.0,False
2025-09-29,Tomato,Vegetables,kg,220.0,False
2025-10-06,Tomato,Vegetables,kg,161.0,False
2025-10-13,Tomato,Vegetables,kg,193.0,False
2025-10-20,Tomato,Vegetables,kg,172.0,False
2025-10-27,Tomato,Vegetables,kg,183.0,False
2025-11-03,Tomato,Vegetables,kg,177.0,False
2025-11-10,Tomato,Vegetables,kg,177.0,False
2025-11-17,Tomato,Vegetables,kg,227.0,True
2025-11-24,Tomato,Vegetables,kg,329.0,True
2025-12-01,Tomato,Vegetables,kg,292.0,True
2025-12-08,Tomato,Vegetables,kg,337.0,True
2025-12-15,Tomato,Vegetables,kg,198.0,True
2025-12-22,Tomato,Vegetables,kg,154.0,True
2025-12-29,Tomato,Vegetables,kg,128.0,False
2026-01-05,Tomato,Vegetables,kg,113.0,False
2026-01-12,Tomato,Vegetables,kg,134.0,False
2026-01-19,Tomato,Vegetables,kg,119.0,False
2026-01-26,Tomato,Vegetables,kg,128.0,False
2026-02-02,Tomato,Vegetables,kg,123.0,False
2026-02-09,Tomato,Vegetables,kg,116.0,False
2026-02-16,Tomato,Vegetables,kg,120.0,False
2026-02-23,Tomato,Vegetables,kg,113.0,False
2026-03-02,Tomato,Vegetables,kg,106.0,False
2026-03-09,Tomato,Vegetables,kg,137.0,False
2026-03-16,Tomato,Vegetables,kg,124.0,False
2026-03-23,Tomato,Vegetables,kg,140.0,False
2026-03-30,Tomato,Vegetables,kg,154.0,False
2026-04-06,Tomato,Vegetables,kg,127.0,False
2026-04-13,Tomato,Vegetables,kg,140.0,False
2026-04-20,Tomato,Vegetables,kg,137.0,False
2026-04-27,Tomato,Vegetables,kg,158.0,False
2026-05-04,Tomato,Vegetables,kg,138.0,False
2026-05-11,Tomato,Vegetables,kg,149.0,False
2026-05-18,Tomato,Vegetables,kg,152.0,False
2026-05-25,Tomato,Vegetables,kg,171.0,False
2026-06-01,Tomato,Vegetables,kg,177.0,False
2026-06-08,Tomato,Vegetables,kg,191.0,False
2026-06-15,Tomato,Vegetables,kg,223.0,False
2026-06-22,Tomato,Vegetables,kg,200.0,False
2026-06-29,Tomato,Vegetables,kg,236.0,False
2026-07-06,Tomato,Vegetables,kg,214.0,False
2026-07-13,Tomato,Vegetables,kg,261.0,False
2026-07-20,Tomato,Vegetables,kg,215.0,False
2026-07-27,Tomato,Vegetables,kg,246.0,False
2026-08-03,Tomato,Vegetables,kg,205.0,False
2023-08-14,Watermelon,Fruits,kg,64.0,False
2023-08-21,Watermelon,Fruits,kg,67.0,False
2023-08-28,Watermelon,Fruits,kg,77.0,False
2023-09-04,Watermelon,Fruits,kg,72.0,False
2023-09-11,Watermelon,Fruits,kg,80.0,False
2023-09-18,Watermelon,Fruits,kg,84.0,False
2023-09-25,Watermelon,Fruits,kg,84.0,False
2023-10-02,Watermelon,Fruits,kg,94.0,False
2023-10-09,Watermelon,Fruits,kg,100.0,False
2023-10-16,Watermelon,Fruits,kg,101.0,False
2023-10-23,Watermelon,Fruits,kg,89.0,False
2023-10-30,Watermelon,Fruits,kg,103.0,False
2023-11-06,Watermelon,Fruits,kg,99.0,False
2023-11-13,Watermelon,Fruits,kg,107.0,False
2023-11-20,Watermelon,Fruits,kg,98.0,False
2023-11-27,Watermelon,Fruits,kg,124.0,False
2023-12-04,Watermelon,Fruits,kg,110.0,False
2023-12-11,Watermelon,Fruits,kg,99.0,False
2023-12-18,Watermelon,Fruits,kg,115.0,False
2023-12-25,Watermelon,Fruits,kg,104.0,False
2024-01-01,Watermelon,Fruits,kg,114.0,False
2024-01-08,Watermelon,Fruits,kg,117.0,False
2024-01-15,Watermelon,Fruits,kg,105.0,False
2024-01-22,Watermelon,Fruits,kg,100.0,False
2024-01-29,Watermelon,Fruits,kg,104.0,False
2024-02-05,Watermelon,Fruits,kg,113.0,False
2024-02-12,Watermelon,Fruits,kg,83.0,False
2024-02-19,Watermelon,Fruits,kg,117.0,False
2024-02-26,Watermelon,Fruits,kg,85.0,False
2024-03-04,Watermelon,Fruits,kg,79.0,False
2024-03-11,Watermelon,Fruits,kg,92.0,False
2024-03-18,Watermelon,Fruits,kg,78.0,False
2024-03-25,Watermelon,Fruits,kg,85.0,False
2024-04-01,Watermelon,Fruits,kg,76.0,False
2024-04-08,Watermelon,Fruits,kg,72.0,False
2024-04-15,Watermelon,Fruits,kg,77.0,False
2024-04-22,Watermelon,Fruits,kg,72.0,False
2024-04-29,Watermelon,Fruits,kg,68.0,False
2024-05-06,Watermelon,Fruits,kg,71.0,False
2024-05-13,Watermelon,Fruits,kg,75.0,False
2024-05-20,Watermelon,Fruits,kg,78.0,False
2024-05-27,Watermelon,Fruits,kg,68.0,False
2024-06-03,Watermelon,Fruits,kg,56.0,False
2024-06-10,Watermelon,Fruits,kg,67.0,False
2024-06-17,Watermelon,Fruits,kg,67.0,False
2024-06-24,Watermelon,Fruits,kg,67.0,False
2024-07-01,Watermelon,Fruits,kg,62.0,False
2024-07-08,Watermelon,Fruits,kg,75.0,False
2024-07-15,Watermelon,Fruits,kg,72.0,False
2024-07-22,Watermelon,Fruits,kg,69.0,False
2024-07-29,Watermelon,Fruits,kg,79.0,False
2024-08-05,Watermelon,Fruits,kg,77.0,False
2024-08-12,Watermelon,Fruits,kg,80.0,False
2024-08-19,Watermelon,Fruits,kg,92.0,False
2024-08-26,Watermelon,Fruits,kg,83.0,False
2024-09-02,Watermelon,Fruits,kg,93.0,False
2024-09-09,Watermelon,Fruits,kg,92.0,False
2024-09-16,Watermelon,Fruits,kg,87.0,False
2024-09-23,Watermelon,Fruits,kg,106.0,False
2024-09-30,Watermelon,Fruits,kg,98.0,False
2024-10-07,Watermelon,Fruits,kg,98.0,False
2024-10-14,Watermelon,Fruits,kg,122.0,False
2024-10-21,Watermelon,Fruits,kg,115.0,False
2024-10-28,Watermelon,Fruits,kg,119.0,False
2024-11-04,Watermelon,Fruits,kg,120.0,False
2024-11-11,Watermelon,Fruits,kg,118.0,False
2024-11-18,Watermelon,Fruits,kg,125.0,False
2024-11-25,Watermelon,Fruits,kg,129.0,False
2024-12-02,Watermelon,Fruits,kg,134.0,False
2024-12-09,Watermelon,Fruits,kg,122.0,False
2024-12-16,Watermelon,Fruits,kg,144.0,False
2024-12-23,Watermelon,Fruits,kg,129.0,False
2024-12-30,Watermelon,Fruits,kg,123.0,False
2025-01-06,Watermelon,Fruits,kg,131.0,False
2025-01-13,Watermelon,Fruits,kg,122.0,False
2025-01-20,Watermelon,Fruits,kg,136.0,False
2025-01-27,Watermelon,Fruits,kg,123.0,False
2025-02-03,Watermelon,Fruits,kg,115.0,False
2025-02-10,Watermelon,Fruits,kg,129.0,False
2025-02-17,Watermelon,Fruits,kg,114.0,False
2025-02-24,Watermelon,Fruits,kg,112.0,False
2025-03-03,Watermelon,Fruits,kg,100.0,False
2025-03-10,Watermelon,Fruits,kg,102.0,False
2025-03-17,Watermelon,Fruits,kg,99.0,False
2025-03-24,Watermelon,Fruits,kg,111.0,False
2025-03-31,Watermelon,Fruits,kg,79.0,False
2025-04-07,Watermelon,Fruits,kg,98.0,False
2025-04-14,Watermelon,Fruits,kg,83.0,False
2025-04-21,Watermelon,Fruits,kg,94.0,False
2025-04-28,Watermelon,Fruits,kg,82.0,False
2025-05-05,Watermelon,Fruits,kg,79.0,False
2025-05-12,Watermelon,Fruits,kg,82.0,False
2025-05-19,Watermelon,Fruits,kg,92.0,False
2025-05-26,Watermelon,Fruits,kg,75.0,False
2025-06-02,Watermelon,Fruits,kg,78.0,False
2025-06-09,Watermelon,Fruits,kg,74.0,False
2025-06-16,Watermelon,Fruits,kg,83.0,False
2025-06-23,Watermelon,Fruits,kg,74.0,False
2025-06-30,Watermelon,Fruits,kg,82.0,False
2025-07-07,Watermelon,Fruits,kg,76.0,False
2025-07-14,Watermelon,Fruits,kg,85.0,False
2025-07-21,Watermelon,Fruits,kg,82.0,False
2025-07-28,Watermelon,Fruits,kg,81.0,False
2025-08-04,Watermelon,Fruits,kg,108.0,False
2025-08-11,Watermelon,Fruits,kg,75.0,False
2025-08-18,Watermelon,Fruits,kg,91.0,False
2025-08-25,Watermelon,Fruits,kg,102.0,False
2025-09-01,Watermelon,Fruits,kg,101.0,False
2025-09-08,Watermelon,Fruits,kg,117.0,False
2025-09-15,Watermelon,Fruits,kg,122.0,False
2025-09-22,Watermelon,Fruits,kg,112.0,False
2025-09-29,Watermelon,Fruits,kg,122.0,False
2025-10-06,Watermelon,Fruits,kg,136.0,False
2025-10-13,Watermelon,Fruits,kg,131.0,False
2025-10-20,Watermelon,Fruits,kg,137.0,False
2025-10-27,Watermelon,Fruits,kg,137.0,False
2025-11-03,Watermelon,Fruits,kg,131.0,False
2025-11-10,Watermelon,Fruits,kg,141.0,False
2025-11-17,Watermelon,Fruits,kg,146.0,False
2025-11-24,Watermelon,Fruits,kg,139.0,False
2025-12-01,Watermelon,Fruits,kg,137.0,False
2025-12-08,Watermelon,Fruits,kg,138.0,False
2025-12-15,Watermelon,Fruits,kg,140.0,False
2025-12-22,Watermelon,Fruits,kg,141.0,False
2025-12-29,Watermelon,Fruits,kg,160.0,False
2026-01-05,Watermelon,Fruits,kg,168.0,False
2026-01-12,Watermelon,Fruits,kg,167.0,False
2026-01-19,Watermelon,Fruits,kg,167.0,False
2026-01-26,Watermelon,Fruits,kg,142.0,False
2026-02-02,Watermelon,Fruits,kg,159.0,False
2026-02-09,Watermelon,Fruits,kg,138.0,False
2026-02-16,Watermelon,Fruits,kg,128.0,False
2026-02-23,Watermelon,Fruits,kg,133.0,False
2026-03-02,Watermelon,Fruits,kg,119.0,False
2026-03-09,Watermelon,Fruits,kg,127.0,False
2026-03-16,Watermelon,Fruits,kg,128.0,False
2026-03-23,Watermelon,Fruits,kg,128.0,False
2026-03-30,Watermelon,Fruits,kg,133.0,False
2026-04-06,Watermelon,Fruits,kg,93.0,False
2026-04-13,Watermelon,Fruits,kg,98.0,False
2026-04-20,Watermelon,Fruits,kg,115.0,False
2026-04-27,Watermelon,Fruits,kg,101.0,False
2026-05-04,Watermelon,Fruits,kg,95.0,False
2026-05-11,Watermelon,Fruits,kg,86.0,False
2026-05-18,Watermelon,Fruits,kg,83.0,False
2026-05-25,Watermelon,Fruits,kg,101.0,False
2026-06-01,Watermelon,Fruits,kg,80.0,False
2026-06-08,Watermelon,Fruits,kg,91.0,False
2026-06-15,Watermelon,Fruits,kg,90.0,False
2026-06-22,Watermelon,Fruits,kg,85.0,False
2026-06-29,Watermelon,Fruits,kg,83.0,False
2026-07-06,Watermelon,Fruits,kg,93.0,False
2026-07-13,Watermelon,Fruits,kg,94.0,False
2026-07-20,Watermelon,Fruits,kg,109.0,False
2026-07-27,Watermelon,Fruits,kg,117.0,False
2026-08-03,Watermelon,Fruits,kg,106.0,False
2023-08-14,Yoghurt,Dairy,liter,236.0,False
2023-08-21,Yoghurt,Dairy,liter,231.0,False
2023-08-28,Yoghurt,Dairy,liter,227.0,False
2023-09-04,Yoghurt,Dairy,liter,231.0,False
2023-09-11,Yoghurt,Dairy,liter,238.0,False
2023-09-18,Yoghurt,Dairy,liter,237.0,False
2023-09-25,Yoghurt,Dairy,liter,236.0,False
2023-10-02,Yoghurt,Dairy,liter,245.0,False
2023-10-09,Yoghurt,Dairy,liter,246.0,False
2023-10-16,Yoghurt,Dairy,liter,248.0,False
2023-10-23,Yoghurt,Dairy,liter,240.0,False
2023-10-30,Yoghurt,Dairy,liter,253.0,False
2023-11-06,Yoghurt,Dairy,liter,251.0,False
2023-11-13,Yoghurt,Dairy,liter,246.0,False
2023-11-20,Yoghurt,Dairy,liter,256.0,False
2023-11-27,Yoghurt,Dairy,liter,263.0,False
2023-12-04,Yoghurt,Dairy,liter,262.0,False
2023-12-11,Yoghurt,Dairy,liter,265.0,False
2023-12-18,Yoghurt,Dairy,liter,260.0,False
2023-12-25,Yoghurt,Dairy,liter,256.0,False
2024-01-01,Yoghurt,Dairy,liter,275.0,False
2024-01-08,Yoghurt,Dairy,liter,271.0,False
2024-01-15,Yoghurt,Dairy,liter,275.0,False
2024-01-22,Yoghurt,Dairy,liter,269.0,False
2024-01-29,Yoghurt,Dairy,liter,281.0,False
2024-02-05,Yoghurt,Dairy,liter,276.0,False
2024-02-12,Yoghurt,Dairy,liter,261.0,False
2024-02-19,Yoghurt,Dairy,liter,262.0,False
2024-02-26,Yoghurt,Dairy,liter,266.0,False
2024-03-04,Yoghurt,Dairy,liter,275.0,False
2024-03-11,Yoghurt,Dairy,liter,268.0,False
2024-03-18,Yoghurt,Dairy,liter,268.0,False
2024-03-25,Yoghurt,Dairy,liter,266.0,False
2024-04-01,Yoghurt,Dairy,liter,270.0,False
2024-04-08,Yoghurt,Dairy,liter,278.0,False
2024-04-15,Yoghurt,Dairy,liter,272.0,False
2024-04-22,Yoghurt,Dairy,liter,265.0,False
2024-04-29,Yoghurt,Dairy,liter,264.0,False
2024-05-06,Yoghurt,Dairy,liter,263.0,False
2024-05-13,Yoghurt,Dairy,liter,261.0,False
2024-05-20,Yoghurt,Dairy,liter,260.0,False
2024-05-27,Yoghurt,Dairy,liter,272.0,False
2024-06-03,Yoghurt,Dairy,liter,262.0,False
2024-06-10,Yoghurt,Dairy,liter,258.0,False
2024-06-17,Yoghurt,Dairy,liter,274.0,False
2024-06-24,Yoghurt,Dairy,liter,268.0,False
2024-07-01,Yoghurt,Dairy,liter,266.0,False
2024-07-08,Yoghurt,Dairy,liter,265.0,False
2024-07-15,Yoghurt,Dairy,liter,266.0,False
2024-07-22,Yoghurt,Dairy,liter,266.0,False
2024-07-29,Yoghurt,Dairy,liter,261.0,False
2024-08-05,Yoghurt,Dairy,liter,268.0,False
2024-08-12,Yoghurt,Dairy,liter,267.0,False
2024-08-19,Yoghurt,Dairy,liter,275.0,False
2024-08-26,Yoghurt,Dairy,liter,279.0,False
2024-09-02,Yoghurt,Dairy,liter,273.0,False
2024-09-09,Yoghurt,Dairy,liter,279.0,False
2024-09-16,Yoghurt,Dairy,liter,283.0,False
2024-09-23,Yoghurt,Dairy,liter,288.0,False
2024-09-30,Yoghurt,Dairy,liter,283.0,False
2024-10-07,Yoghurt,Dairy,liter,294.0,False
2024-10-14,Yoghurt,Dairy,liter,288.0,False
2024-10-21,Yoghurt,Dairy,liter,279.0,False
2024-10-28,Yoghurt,Dairy,liter,295.0,False
2024-11-04,Yoghurt,Dairy,liter,301.0,False
2024-11-11,Yoghurt,Dairy,liter,301.0,False
2024-11-18,Yoghurt,Dairy,liter,309.0,False
2024-11-25,Yoghurt,Dairy,liter,316.0,False
2024-12-02,Yoghurt,Dairy,liter,312.0,False
2024-12-09,Yoghurt,Dairy,liter,320.0,False
2024-12-16,Yoghurt,Dairy,liter,312.0,False
2024-12-23,Yoghurt,Dairy,liter,316.0,False
2024-12-30,Yoghurt,Dairy,liter,321.0,False
2025-01-06,Yoghurt,Dairy,liter,316.0,False
2025-01-13,Yoghurt,Dairy,liter,315.0,False
2025-01-20,Yoghurt,Dairy,liter,322.0,False
2025-01-27,Yoghurt,Dairy,liter,321.0,False
2025-02-03,Yoghurt,Dairy,liter,324.0,False
2025-02-10,Yoghurt,Dairy,liter,324.0,False
2025-02-17,Yoghurt,Dairy,liter,309.0,False
2025-02-24,Yoghurt,Dairy,liter,326.0,False
2025-03-03,Yoghurt,Dairy,liter,331.0,False
2025-03-10,Yoghurt,Dairy,liter,311.0,False
2025-03-17,Yoghurt,Dairy,liter,321.0,False
2025-03-24,Yoghurt,Dairy,liter,306.0,False
2025-03-31,Yoghurt,Dairy,liter,316.0,False
2025-04-07,Yoghurt,Dairy,liter,325.0,False
2025-04-14,Yoghurt,Dairy,liter,317.0,False
2025-04-21,Yoghurt,Dairy,liter,319.0,False
2025-04-28,Yoghurt,Dairy,liter,313.0,False
2025-05-05,Yoghurt,Dairy,liter,320.0,False
2025-05-12,Yoghurt,Dairy,liter,315.0,False
2025-05-19,Yoghurt,Dairy,liter,305.0,False
2025-05-26,Yoghurt,Dairy,liter,318.0,False
2025-06-02,Yoghurt,Dairy,liter,320.0,False
2025-06-09,Yoghurt,Dairy,liter,308.0,False
2025-06-16,Yoghurt,Dairy,liter,317.0,False
2025-06-23,Yoghurt,Dairy,liter,304.0,False
2025-06-30,Yoghurt,Dairy,liter,302.0,False
2025-07-07,Yoghurt,Dairy,liter,317.0,False
2025-07-14,Yoghurt,Dairy,liter,311.0,False
2025-07-21,Yoghurt,Dairy,liter,311.0,False
2025-07-28,Yoghurt,Dairy,liter,314.0,False
2025-08-04,Yoghurt,Dairy,liter,313.0,False
2025-08-11,Yoghurt,Dairy,liter,312.0,False
2025-08-18,Yoghurt,Dairy,liter,328.0,False
2025-08-25,Yoghurt,Dairy,liter,319.0,False
2025-09-01,Yoghurt,Dairy,liter,328.0,False
2025-09-08,Yoghurt,Dairy,liter,328.0,False
2025-09-15,Yoghurt,Dairy,liter,327.0,False
2025-09-22,Yoghurt,Dairy,liter,335.0,False
2025-09-29,Yoghurt,Dairy,liter,342.0,False
2025-10-06,Yoghurt,Dairy,liter,347.0,False
2025-10-13,Yoghurt,Dairy,liter,341.0,False
2025-10-20,Yoghurt,Dairy,liter,344.0,False
2025-10-27,Yoghurt,Dairy,liter,343.0,False
2025-11-03,Yoghurt,Dairy,liter,342.0,False
2025-11-10,Yoghurt,Dairy,liter,364.0,False
2025-11-17,Yoghurt,Dairy,liter,359.0,False
2025-11-24,Yoghurt,Dairy,liter,364.0,False
2025-12-01,Yoghurt,Dairy,liter,355.0,False
2025-12-08,Yoghurt,Dairy,liter,361.0,False
2025-12-15,Yoghurt,Dairy,liter,365.0,False
2025-12-22,Yoghurt,Dairy,liter,377.0,False
2025-12-29,Yoghurt,Dairy,liter,364.0,False
2026-01-05,Yoghurt,Dairy,liter,382.0,False
2026-01-12,Yoghurt,Dairy,liter,378.0,False
2026-01-19,Yoghurt,Dairy,liter,373.0,False
2026-01-26,Yoghurt,Dairy,liter,391.0,False
2026-02-02,Yoghurt,Dairy,liter,380.0,False
2026-02-09,Yoghurt,Dairy,liter,384.0,False
2026-02-16,Yoghurt,Dairy,liter,394.0,False
2026-02-23,Yoghurt,Dairy,liter,371.0,False
2026-03-02,Yoghurt,Dairy,liter,376.0,False
2026-03-09,Yoghurt,Dairy,liter,392.0,False
2026-03-16,Yoghurt,Dairy,liter,382.0,False
2026-03-23,Yoghurt,Dairy,liter,368.0,False
2026-03-30,Yoghurt,Dairy,liter,373.0,False
2026-04-06,Yoghurt,Dairy,liter,380.0,False
2026-04-13,Yoghurt,Dairy,liter,375.0,False
2026-04-20,Yoghurt,Dairy,liter,381.0,False
2026-04-27,Yoghurt,Dairy,liter,374.0,False
2026-05-04,Yoghurt,Dairy,liter,376.0,False
2026-05-11,Yoghurt,Dairy,liter,378.0,False
2026-05-18,Yoghurt,Dairy,liter,369.0,False
2026-05-25,Yoghurt,Dairy,liter,373.0,False
2026-06-01,Yoghurt,Dairy,liter,370.0,False
2026-06-08,Yoghurt,Dairy,liter,363.0,False
2026-06-15,Yoghurt,Dairy,liter,375.0,False
2026-06-22,Yoghurt,Dairy,liter,368.0,False
2026-06-29,Yoghurt,Dairy,liter,377.0,False
2026-07-06,Yoghurt,Dairy,liter,377.0,False
2026-07-13,Yoghurt,Dairy,liter,364.0,False
2026-07-20,Yoghurt,Dairy,liter,390.0,False
2026-07-27,Yoghurt,Dairy,liter,370.0,False
2026-08-03,Yoghurt,Dairy,liter,365.0,False
